method,search_dram_budget_gib,search_width,beam_width,recall,qps,io_requests_per_query,sectors_4k_per_query,bytes_read_per_query,latency_mean_us,process_peak_rss_bytes,ours_route_mode,ours_route_dimension,hot_record_nodes,dynamic_record_capacity_nodes,run_id,artifact_path
Ours-Disk,4.0,10,4,0.903788888889,1236.911972435,33.955666667,33.956333333,139085.141333333,25855.920173111,3033124864,full1bit,1536,817263,172737,dbpedia_aligned_20260921_03_ram4,/home/kai3/coco/quantization_graph/results/03_disk_system/dbpedia/dbpedia_aligned_20260921_03_ram4/raw/Ours-Disk/test/Ours-Disk__hybrid_disk__B4__standard__w32__r0.json
Ours-Disk,4.0,20,4,0.952833333333,1164.126072859,44.475777778,44.476777778,182176.881777778,27447.532971111,3033124864,full1bit,1536,817263,172737,dbpedia_aligned_20260921_03_ram4,/home/kai3/coco/quantization_graph/results/03_disk_system/dbpedia/dbpedia_aligned_20260921_03_ram4/raw/Ours-Disk/test/Ours-Disk__hybrid_disk__B4__standard__w32__r0.json
Ours-Disk,4.0,40,4,0.973422222222,1187.506904388,64.185444444,64.186888889,262909.496888889,26931.623534222,3033124864,full1bit,1536,817263,172737,dbpedia_aligned_20260921_03_ram4,/home/kai3/coco/quantization_graph/results/03_disk_system/dbpedia/dbpedia_aligned_20260921_03_ram4/raw/Ours-Disk/test/Ours-Disk__hybrid_disk__B4__standard__w32__r0.json
Ours-Disk,4.0,60,4,0.980711111111,1012.579658161,83.038666667,83.040555556,340134.115555556,31558.426941444,3033124864,full1bit,1536,817263,172737,dbpedia_aligned_20260921_03_ram4,/home/kai3/coco/quantization_graph/results/03_disk_system/dbpedia/dbpedia_aligned_20260921_03_ram4/raw/Ours-Disk/test/Ours-Disk__hybrid_disk__B4__standard__w32__r0.json
Ours-Disk,4.0,100,4,0.986733333333,841.063544634,119.755555556,119.759777778,490536.049777778,37994.210984111,3033124864,full1bit,1536,817263,172737,dbpedia_aligned_20260921_03_ram4,/home/kai3/coco/quantization_graph/results/03_disk_system/dbpedia/dbpedia_aligned_20260921_03_ram4/raw/Ours-Disk/test/Ours-Disk__hybrid_disk__B4__standard__w32__r0.json
Ours-Disk,4.0,160,4,0.989766666667,655.116382279,173.751888889,173.758,711712.768,48808.836637667,3033124864,full1bit,1536,817263,172737,dbpedia_aligned_20260921_03_ram4,/home/kai3/coco/quantization_graph/results/03_disk_system/dbpedia/dbpedia_aligned_20260921_03_ram4/raw/Ours-Disk/test/Ours-Disk__hybrid_disk__B4__standard__w32__r0.json
Ours-Disk,4.0,240,4,0.991711111111,483.031425416,245.206555556,245.214666667,1004399.274666667,66193.689213445,3033124864,full1bit,1536,817263,172737,dbpedia_aligned_20260921_03_ram4,/home/kai3/coco/quantization_graph/results/03_disk_system/dbpedia/dbpedia_aligned_20260921_03_ram4/raw/Ours-Disk/test/Ours-Disk__hybrid_disk__B4__standard__w32__r0.json
Ours-Disk,4.0,400,4,0.993288888889,311.58839134,387.563555556,387.577333333,1587516.757333333,102597.818869222,3033124864,full1bit,1536,817263,172737,dbpedia_aligned_20260921_03_ram4,/home/kai3/coco/quantization_graph/results/03_disk_system/dbpedia/dbpedia_aligned_20260921_03_ram4/raw/Ours-Disk/test/Ours-Disk__hybrid_disk__B4__standard__w32__r0.json
Ours-Disk,4.0,580,4,0.994166666667,221.28913917,547.567888889,547.586888889,2242915.896888889,144506.572133,3033124864,full1bit,1536,817263,172737,dbpedia_aligned_20260921_03_ram4,/home/kai3/coco/quantization_graph/results/03_disk_system/dbpedia/dbpedia_aligned_20260921_03_ram4/raw/Ours-Disk/test/Ours-Disk__hybrid_disk__B4__standard__w32__r0.json
SymphonyQG-DiskPort,4.0,10,1,0.6523555555555578,160.35929240680028,11.377888888888888,68.26733333333334,279622.99733333336,97664.2386807778,3847364608,,,,,dbpedia_aligned_20260921_03_ram4,/home/kai3/coco/quantization_graph/results/03_disk_system/dbpedia/dbpedia_aligned_20260921_03_ram4/raw/SymphonyQG-DiskPort/test/SymphonyQG-DiskPort__hybrid_disk__B4__standard__w32__r0.json
SymphonyQG-DiskPort,4.0,20,1,0.7875333333333195,126.30896892054653,16.609666666666666,99.65133333333333,408171.8613333333,154339.4745508889,3847364608,,,,,dbpedia_aligned_20260921_03_ram4,/home/kai3/coco/quantization_graph/results/03_disk_system/dbpedia/dbpedia_aligned_20260921_03_ram4/raw/SymphonyQG-DiskPort/test/SymphonyQG-DiskPort__hybrid_disk__B4__standard__w32__r0.json
SymphonyQG-DiskPort,4.0,40,1,0.8486999999999757,90.38686984544259,25.857,155.09155555555554,635255.0115555555,257190.58940566663,3847364608,,,,,dbpedia_aligned_20260921_03_ram4,/home/kai3/coco/quantization_graph/results/03_disk_system/dbpedia/dbpedia_aligned_20260921_03_ram4/raw/SymphonyQG-DiskPort/test/SymphonyQG-DiskPort__hybrid_disk__B4__standard__w32__r0.json
SymphonyQG-DiskPort,4.0,60,1,0.8710666666666401,70.67594753246202,34.31155555555556,205.81244444444445,843007.7724444445,353063.74358955584,3847364608,,,,,dbpedia_aligned_20260921_03_ram4,/home/kai3/coco/quantization_graph/results/03_disk_system/dbpedia/dbpedia_aligned_20260921_03_ram4/raw/SymphonyQG-DiskPort/test/SymphonyQG-DiskPort__hybrid_disk__B4__standard__w32__r0.json
SymphonyQG-DiskPort,4.0,100,1,0.8942111111110823,50.38063454051311,50.02511111111111,300.04066666666665,1228966.5706666666,539199.8078313338,3847364608,,,,,dbpedia_aligned_20260921_03_ram4,/home/kai3/coco/quantization_graph/results/03_disk_system/dbpedia/dbpedia_aligned_20260921_03_ram4/raw/SymphonyQG-DiskPort/test/SymphonyQG-DiskPort__hybrid_disk__B4__standard__w32__r0.json
SymphonyQG-DiskPort,4.0,160,1,0.9097444444444159,35.66701349602822,71.58644444444444,429.33577777777776,1758559.3457777777,804369.898184889,3847364608,,,,,dbpedia_aligned_20260921_03_ram4,/home/kai3/coco/quantization_graph/results/03_disk_system/dbpedia/dbpedia_aligned_20260921_03_ram4/raw/SymphonyQG-DiskPort/test/SymphonyQG-DiskPort__hybrid_disk__B4__standard__w32__r0.json
SymphonyQG-DiskPort,4.0,240,1,0.9205666666666387,26.673003014693172,98.32155555555556,589.6615555555555,2415253.7315555555,1105885.6953225548,3847364608,,,,,dbpedia_aligned_20260921_03_ram4,/home/kai3/coco/quantization_graph/results/03_disk_system/dbpedia/dbpedia_aligned_20260921_03_ram4/raw/SymphonyQG-DiskPort/test/SymphonyQG-DiskPort__hybrid_disk__B4__standard__w32__r0.json
SymphonyQG-DiskPort,4.0,400,1,0.932022222222193,17.93157554712371,148.21122222222223,888.8364444444444,3640674.0764444442,1688262.0134398881,3847364608,,,,,dbpedia_aligned_20260921_03_ram4,/home/kai3/coco/quantization_graph/results/03_disk_system/dbpedia/dbpedia_aligned_20260921_03_ram4/raw/SymphonyQG-DiskPort/test/SymphonyQG-DiskPort__hybrid_disk__B4__standard__w32__r0.json
SymphonyQG-DiskPort,4.0,580,1,0.9395666666666366,13.306566066435638,199.88688888888888,1198.7046666666668,4909894.314666667,2303434.64308589,3847364608,,,,,dbpedia_aligned_20260921_03_ram4,/home/kai3/coco/quantization_graph/results/03_disk_system/dbpedia/dbpedia_aligned_20260921_03_ram4/raw/SymphonyQG-DiskPort/test/SymphonyQG-DiskPort__hybrid_disk__B4__standard__w32__r0.json
Glass-NSG-DiskPort,4.0,10,1,0.8449444444444131,119.1301902972325,751.22,751.22,3076997.12,77389.65635599982,259547136,,,,,dbpedia_aligned_20260921_03_ram4,/home/kai3/coco/quantization_graph/results/03_disk_system/dbpedia/dbpedia_aligned_20260921_03_ram4/raw/Glass-NSG-DiskPort/test/Glass-NSG-DiskPort__hybrid_disk__B4__standard__w32__r0.json
Glass-NSG-DiskPort,4.0,20,1,0.8978777777777339,95.45217766189677,1073.3234444444445,1073.3234444444445,4396332.828444445,147117.00811222245,259547136,,,,,dbpedia_aligned_20260921_03_ram4,/home/kai3/coco/quantization_graph/results/03_disk_system/dbpedia/dbpedia_aligned_20260921_03_ram4/raw/Glass-NSG-DiskPort/test/Glass-NSG-DiskPort__hybrid_disk__B4__standard__w32__r0.json
Glass-NSG-DiskPort,4.0,40,1,0.9228111111110583,66.45913670931569,1653.1057777777778,1653.1057777777778,6771121.265777778,300607.40236288856,259547136,,,,,dbpedia_aligned_20260921_03_ram4,/home/kai3/coco/quantization_graph/results/03_disk_system/dbpedia/dbpedia_aligned_20260921_03_ram4/raw/Glass-NSG-DiskPort/test/Glass-NSG-DiskPort__hybrid_disk__B4__standard__w32__r0.json
Glass-NSG-DiskPort,4.0,60,1,0.9304111111110555,51.08300445449906,2188.7292222222222,2188.7292222222222,8965034.894222222,444671.5901059993,259547136,,,,,dbpedia_aligned_20260921_03_ram4,/home/kai3/coco/quantization_graph/results/03_disk_system/dbpedia/dbpedia_aligned_20260921_03_ram4/raw/Glass-NSG-DiskPort/test/Glass-NSG-DiskPort__hybrid_disk__B4__standard__w32__r0.json
Glass-NSG-DiskPort,4.0,100,1,0.9350666666666091,35.609427790989066,3178.3957777777778,3178.3957777777778,13018709.105777778,721751.3395318905,259547136,,,,,dbpedia_aligned_20260921_03_ram4,/home/kai3/coco/quantization_graph/results/03_disk_system/dbpedia/dbpedia_aligned_20260921_03_ram4/raw/Glass-NSG-DiskPort/test/Glass-NSG-DiskPort__hybrid_disk__B4__standard__w32__r0.json
Glass-NSG-DiskPort,4.0,160,1,0.9372888888888299,25.006329872285637,4540.214777777778,4540.214777777778,18596719.72977778,1095220.4310606625,259547136,,,,,dbpedia_aligned_20260921_03_ram4,/home/kai3/coco/quantization_graph/results/03_disk_system/dbpedia/dbpedia_aligned_20260921_03_ram4/raw/Glass-NSG-DiskPort/test/Glass-NSG-DiskPort__hybrid_disk__B4__standard__w32__r0.json
Glass-NSG-DiskPort,4.0,240,1,0.9386444444443846,18.3655532826811,6215.837777777778,6215.837777777778,25460071.537777778,1558245.6314438868,259547136,,,,,dbpedia_aligned_20260921_03_ram4,/home/kai3/coco/quantization_graph/results/03_disk_system/dbpedia/dbpedia_aligned_20260921_03_ram4/raw/Glass-NSG-DiskPort/test/Glass-NSG-DiskPort__hybrid_disk__B4__standard__w32__r0.json
Glass-NSG-DiskPort,4.0,400,1,0.9398666666666061,12.317023483147159,9289.437555555556,9289.437555555556,38049536.22755556,2415467.755008667,259547136,,,,,dbpedia_aligned_20260921_03_ram4,/home/kai3/coco/quantization_graph/results/03_disk_system/dbpedia/dbpedia_aligned_20260921_03_ram4/raw/Glass-NSG-DiskPort/test/Glass-NSG-DiskPort__hybrid_disk__B4__standard__w32__r0.json
Glass-NSG-DiskPort,4.0,580,1,0.9405111111110501,9.177679796208864,12471.483777777778,12471.483777777778,51083197.55377778,3304940.334196111,259547136,,,,,dbpedia_aligned_20260921_03_ram4,/home/kai3/coco/quantization_graph/results/03_disk_system/dbpedia/dbpedia_aligned_20260921_03_ram4/raw/Glass-NSG-DiskPort/test/Glass-NSG-DiskPort__hybrid_disk__B4__standard__w32__r0.json
DiskANN-PQ-Disk,4.0,10,4,0.9331444444444185,765.3487489250189,28.739555555555555,28.739555555555555,117717.21955555555,41698.62073166675,1786396672,,,,,dbpedia_aligned_20260921_03_ram4,/home/kai3/coco/quantization_graph/results/03_disk_system/dbpedia/dbpedia_aligned_20260921_03_ram4/raw/DiskANN-PQ-Disk/test/DiskANN-PQ-Disk__hybrid_disk__B4__standard__w32__r0.json
DiskANN-PQ-Disk,4.0,20,4,0.9686555555555382,502.72864190004543,45.02422222222222,45.02422222222222,184419.21422222222,63368.06516144461,1786396672,,,,,dbpedia_aligned_20260921_03_ram4,/home/kai3/coco/quantization_graph/results/03_disk_system/dbpedia/dbpedia_aligned_20260921_03_ram4/raw/DiskANN-PQ-Disk/test/DiskANN-PQ-Disk__hybrid_disk__B4__standard__w32__r0.json
DiskANN-PQ-Disk,4.0,40,4,0.9860111111111003,282.37567296296305,79.46666666666667,79.46666666666667,325495.4666666667,113118.1089851116,1786396672,,,,,dbpedia_aligned_20260921_03_ram4,/home/kai3/coco/quantization_graph/results/03_disk_system/dbpedia/dbpedia_aligned_20260921_03_ram4/raw/DiskANN-PQ-Disk/test/DiskANN-PQ-Disk__hybrid_disk__B4__standard__w32__r0.json
DiskANN-PQ-Disk,4.0,60,4,0.9917555555555478,197.33573114676372,114.802,114.802,470228.992,161788.87745122233,1786396672,,,,,dbpedia_aligned_20260921_03_ram4,/home/kai3/coco/quantization_graph/results/03_disk_system/dbpedia/dbpedia_aligned_20260921_03_ram4/raw/DiskANN-PQ-Disk/test/DiskANN-PQ-Disk__hybrid_disk__B4__standard__w32__r0.json
DiskANN-PQ-Disk,4.0,100,4,0.9956666666666616,120.91437154427832,186.35933333333332,186.35933333333332,763327.8293333333,264165.1823578883,1786396672,,,,,dbpedia_aligned_20260921_03_ram4,/home/kai3/coco/quantization_graph/results/03_disk_system/dbpedia/dbpedia_aligned_20260921_03_ram4/raw/DiskANN-PQ-Disk/test/DiskANN-PQ-Disk__hybrid_disk__B4__standard__w32__r0.json
DiskANN-PQ-Disk,4.0,160,4,0.997577777777775,76.18588982119263,294.4497777777778,294.4497777777778,1206066.2897777779,419289.156592,1786396672,,,,,dbpedia_aligned_20260921_03_ram4,/home/kai3/coco/quantization_graph/results/03_disk_system/dbpedia/dbpedia_aligned_20260921_03_ram4/raw/DiskANN-PQ-Disk/test/DiskANN-PQ-Disk__hybrid_disk__B4__standard__w32__r0.json
DiskANN-PQ-Disk,4.0,240,4,0.9985999999999986,51.37328420935021,439.1462222222222,439.1462222222222,1798742.9262222222,622266.031204002,1786396672,,,,,dbpedia_aligned_20260921_03_ram4,/home/kai3/coco/quantization_graph/results/03_disk_system/dbpedia/dbpedia_aligned_20260921_03_ram4/raw/DiskANN-PQ-Disk/test/DiskANN-PQ-Disk__hybrid_disk__B4__standard__w32__r0.json
DiskANN-PQ-Disk,4.0,400,4,0.99931111111111,30.72023991396529,729.0137777777778,729.0137777777778,2986040.433777778,1040246.5000743329,1786396672,,,,,dbpedia_aligned_20260921_03_ram4,/home/kai3/coco/quantization_graph/results/03_disk_system/dbpedia/dbpedia_aligned_20260921_03_ram4/raw/DiskANN-PQ-Disk/test/DiskANN-PQ-Disk__hybrid_disk__B4__standard__w32__r0.json
DiskANN-PQ-Disk,4.0,580,4,0.9995333333333328,21.464828142575445,1055.7173333333333,1055.7173333333333,4324218.197333333,1488470.4011685543,1786396672,,,,,dbpedia_aligned_20260921_03_ram4,/home/kai3/coco/quantization_graph/results/03_disk_system/dbpedia/dbpedia_aligned_20260921_03_ram4/raw/DiskANN-PQ-Disk/test/DiskANN-PQ-Disk__hybrid_disk__B4__standard__w32__r0.json
