dataset,method,search_param_name,search_param_value,recall_at_10,qps,latency_mean_us,latency_p95_us,source_log
agnews,DiskANN-PQ-4bit,efSearch,10,0.927875,606.771457,1614.266196,1928.230000,results/round2/agnews/raw/02_diskann_fair/PQ/agnews_PQ_R64_Lbuild400.log
agnews,DiskANN-PQ-4bit,efSearch,11,0.933875,590.144445,1677.602376,2007.532000,results/round2/agnews/raw/02_diskann_fair/PQ/agnews_PQ_R64_Lbuild400.log
agnews,DiskANN-PQ-4bit,efSearch,12,0.936875,597.801837,1655.912631,1933.805000,results/round2/agnews/raw/02_diskann_fair/PQ/agnews_PQ_R64_Lbuild400.log
agnews,DiskANN-PQ-4bit,efSearch,13,0.938125,543.043783,1824.686212,2459.246000,results/round2/agnews/raw/02_diskann_fair/PQ/agnews_PQ_R64_Lbuild400.log
agnews,DiskANN-PQ-4bit,efSearch,14,0.939625,580.106712,1706.985444,1997.477000,results/round2/agnews/raw/02_diskann_fair/PQ/agnews_PQ_R64_Lbuild400.log
agnews,DiskANN-PQ-4bit,efSearch,15,0.943125,547.326034,1809.711714,2265.257000,results/round2/agnews/raw/02_diskann_fair/PQ/agnews_PQ_R64_Lbuild400.log
agnews,DiskANN-PQ-4bit,efSearch,16,0.944875,558.419252,1773.881896,2097.495000,results/round2/agnews/raw/02_diskann_fair/PQ/agnews_PQ_R64_Lbuild400.log
agnews,DiskANN-PQ-4bit,efSearch,17,0.946250,550.947136,1798.232534,2128.183000,results/round2/agnews/raw/02_diskann_fair/PQ/agnews_PQ_R64_Lbuild400.log
agnews,DiskANN-PQ-4bit,efSearch,18,0.949375,540.748215,1832.410148,2158.771000,results/round2/agnews/raw/02_diskann_fair/PQ/agnews_PQ_R64_Lbuild400.log
agnews,DiskANN-PQ-4bit,efSearch,19,0.950000,531.700788,1864.069242,2227.659000,results/round2/agnews/raw/02_diskann_fair/PQ/agnews_PQ_R64_Lbuild400.log
agnews,DiskANN-PQ-4bit,efSearch,20,0.951500,522.990378,1895.361114,2241.074000,results/round2/agnews/raw/02_diskann_fair/PQ/agnews_PQ_R64_Lbuild400.log
agnews,DiskANN-PQ-4bit,efSearch,21,0.952500,513.477745,1930.778065,2306.211000,results/round2/agnews/raw/02_diskann_fair/PQ/agnews_PQ_R64_Lbuild400.log
agnews,DiskANN-PQ-4bit,efSearch,22,0.953625,505.700215,1960.506632,2338.001000,results/round2/agnews/raw/02_diskann_fair/PQ/agnews_PQ_R64_Lbuild400.log
agnews,DiskANN-PQ-4bit,efSearch,23,0.954125,494.402913,2004.937017,2413.933000,results/round2/agnews/raw/02_diskann_fair/PQ/agnews_PQ_R64_Lbuild400.log
agnews,DiskANN-PQ-4bit,efSearch,24,0.955000,493.074385,2011.380437,2407.325000,results/round2/agnews/raw/02_diskann_fair/PQ/agnews_PQ_R64_Lbuild400.log
agnews,DiskANN-PQ-4bit,efSearch,25,0.955500,485.790809,2041.811840,2455.857000,results/round2/agnews/raw/02_diskann_fair/PQ/agnews_PQ_R64_Lbuild400.log
agnews,DiskANN-PQ-4bit,efSearch,26,0.955750,478.871283,2071.461027,2488.539000,results/round2/agnews/raw/02_diskann_fair/PQ/agnews_PQ_R64_Lbuild400.log
agnews,DiskANN-PQ-4bit,efSearch,27,0.956750,471.324786,2103.494899,2557.887000,results/round2/agnews/raw/02_diskann_fair/PQ/agnews_PQ_R64_Lbuild400.log
agnews,DiskANN-PQ-4bit,efSearch,28,0.959000,464.358041,2136.676265,2582.291000,results/round2/agnews/raw/02_diskann_fair/PQ/agnews_PQ_R64_Lbuild400.log
agnews,DiskANN-PQ-4bit,efSearch,29,0.959000,458.280744,2165.154131,2628.389000,results/round2/agnews/raw/02_diskann_fair/PQ/agnews_PQ_R64_Lbuild400.log
agnews,DiskANN-PQ-4bit,efSearch,30,0.959125,452.152920,2194.727843,2664.503000,results/round2/agnews/raw/02_diskann_fair/PQ/agnews_PQ_R64_Lbuild400.log
agnews,DiskANN-PQ-4bit,efSearch,40,0.961375,396.585550,2503.468203,3089.306000,results/round2/agnews/raw/02_diskann_fair/PQ/agnews_PQ_R64_Lbuild400.log
agnews,DiskANN-PQ-4bit,efSearch,50,0.963000,356.973078,2784.451655,3499.815000,results/round2/agnews/raw/02_diskann_fair/PQ/agnews_PQ_R64_Lbuild400.log
agnews,DiskANN-PQ-4bit,efSearch,60,0.963500,324.434870,3063.932506,3861.820000,results/round2/agnews/raw/02_diskann_fair/PQ/agnews_PQ_R64_Lbuild400.log
agnews,DiskANN-PQ-4bit,efSearch,70,0.964125,297.850420,3340.529464,4278.297000,results/round2/agnews/raw/02_diskann_fair/PQ/agnews_PQ_R64_Lbuild400.log
agnews,DiskANN-PQ-4bit,efSearch,80,0.964375,276.191422,3603.568850,4697.637000,results/round2/agnews/raw/02_diskann_fair/PQ/agnews_PQ_R64_Lbuild400.log
agnews,DiskANN-PQ-4bit,efSearch,90,0.964625,257.584976,3863.967997,5085.223000,results/round2/agnews/raw/02_diskann_fair/PQ/agnews_PQ_R64_Lbuild400.log
agnews,DiskANN-PQ-4bit,efSearch,100,0.964750,241.710110,4120.255655,5468.848000,results/round2/agnews/raw/02_diskann_fair/PQ/agnews_PQ_R64_Lbuild400.log
agnews,DiskANN-PQ-4bit,efSearch,140,0.965125,193.848236,5140.539920,7031.326000,results/round2/agnews/raw/02_diskann_fair/PQ/agnews_PQ_R64_Lbuild400.log
agnews,DiskANN-PQ-4bit,efSearch,180,0.965250,164.108493,6075.436191,8514.664000,results/round2/agnews/raw/02_diskann_fair/PQ/agnews_PQ_R64_Lbuild400.log
agnews,DiskANN-PQ-4bit,efSearch,220,0.965250,143.013549,6974.321905,9916.972000,results/round2/agnews/raw/02_diskann_fair/PQ/agnews_PQ_R64_Lbuild400.log
agnews,DiskANN-PQ-4bit,efSearch,260,0.965250,126.433220,7890.945574,11310.968000,results/round2/agnews/raw/02_diskann_fair/PQ/agnews_PQ_R64_Lbuild400.log
agnews,DiskANN-PQ-4bit,efSearch,300,0.965375,113.692978,8777.476706,12677.130000,results/round2/agnews/raw/02_diskann_fair/PQ/agnews_PQ_R64_Lbuild400.log
agnews,DiskANN-PQ-4bit,efSearch,340,0.965375,103.736493,9621.513555,14025.739000,results/round2/agnews/raw/02_diskann_fair/PQ/agnews_PQ_R64_Lbuild400.log
agnews,DiskANN-PQ-4bit,efSearch,380,0.965375,95.414697,10461.747284,15152.106000,results/round2/agnews/raw/02_diskann_fair/PQ/agnews_PQ_R64_Lbuild400.log
agnews,DiskANN-PQ-4bit,efSearch,420,0.965375,87.376218,11427.699763,16761.407000,results/round2/agnews/raw/02_diskann_fair/PQ/agnews_PQ_R64_Lbuild400.log
agnews,DiskANN-PQ-4bit,efSearch,460,0.965375,82.220450,12144.809556,18051.962000,results/round2/agnews/raw/02_diskann_fair/PQ/agnews_PQ_R64_Lbuild400.log
agnews,DiskANN-PQ-4bit,efSearch,10,0.927875,560.180618,1750.056459,2694.197000,results/round2/agnews/raw/02_diskann_fair/PQ/agnews_PQ_R64_Lbuild400.log
agnews,DiskANN-PQ-4bit,efSearch,11,0.933875,571.875000,1731.679920,2186.162000,results/round2/agnews/raw/02_diskann_fair/PQ/agnews_PQ_R64_Lbuild400.log
agnews,DiskANN-PQ-4bit,efSearch,12,0.936875,595.007409,1663.736795,1967.053000,results/round2/agnews/raw/02_diskann_fair/PQ/agnews_PQ_R64_Lbuild400.log
agnews,DiskANN-PQ-4bit,efSearch,13,0.938125,576.478426,1717.538551,2019.656000,results/round2/agnews/raw/02_diskann_fair/PQ/agnews_PQ_R64_Lbuild400.log
agnews,DiskANN-PQ-4bit,efSearch,14,0.939625,569.750037,1738.384730,2047.421000,results/round2/agnews/raw/02_diskann_fair/PQ/agnews_PQ_R64_Lbuild400.log
agnews,DiskANN-PQ-4bit,efSearch,15,0.943125,558.199663,1774.651261,2104.588000,results/round2/agnews/raw/02_diskann_fair/PQ/agnews_PQ_R64_Lbuild400.log
agnews,DiskANN-PQ-4bit,efSearch,16,0.944875,545.198814,1816.271701,2143.303000,results/round2/agnews/raw/02_diskann_fair/PQ/agnews_PQ_R64_Lbuild400.log
agnews,DiskANN-PQ-4bit,efSearch,17,0.946250,538.073059,1841.631654,2173.221000,results/round2/agnews/raw/02_diskann_fair/PQ/agnews_PQ_R64_Lbuild400.log
agnews,DiskANN-PQ-4bit,efSearch,18,0.949375,528.555514,1875.106641,2218.396000,results/round2/agnews/raw/02_diskann_fair/PQ/agnews_PQ_R64_Lbuild400.log
agnews,DiskANN-PQ-4bit,efSearch,19,0.950000,519.244775,1907.479575,2264.944000,results/round2/agnews/raw/02_diskann_fair/PQ/agnews_PQ_R64_Lbuild400.log
agnews,DiskANN-PQ-4bit,efSearch,20,0.951500,510.538661,1941.923125,2323.984000,results/round2/agnews/raw/02_diskann_fair/PQ/agnews_PQ_R64_Lbuild400.log
agnews,DiskANN-PQ-4bit,efSearch,21,0.952500,502.017824,1973.769349,2352.119000,results/round2/agnews/raw/02_diskann_fair/PQ/agnews_PQ_R64_Lbuild400.log
agnews,DiskANN-PQ-4bit,efSearch,22,0.953625,494.170505,2006.698373,2394.930000,results/round2/agnews/raw/02_diskann_fair/PQ/agnews_PQ_R64_Lbuild400.log
agnews,DiskANN-PQ-4bit,efSearch,23,0.954125,486.134242,2040.180910,2464.921000,results/round2/agnews/raw/02_diskann_fair/PQ/agnews_PQ_R64_Lbuild400.log
agnews,DiskANN-PQ-4bit,efSearch,24,0.955000,478.595516,2071.187985,2487.282000,results/round2/agnews/raw/02_diskann_fair/PQ/agnews_PQ_R64_Lbuild400.log
agnews,DiskANN-PQ-4bit,efSearch,25,0.955500,471.424822,2104.505373,2538.904000,results/round2/agnews/raw/02_diskann_fair/PQ/agnews_PQ_R64_Lbuild400.log
agnews,DiskANN-PQ-4bit,efSearch,26,0.955750,464.318236,2135.294018,2562.494000,results/round2/agnews/raw/02_diskann_fair/PQ/agnews_PQ_R64_Lbuild400.log
agnews,DiskANN-PQ-4bit,efSearch,27,0.956750,457.853387,2167.345719,2626.396000,results/round2/agnews/raw/02_diskann_fair/PQ/agnews_PQ_R64_Lbuild400.log
agnews,DiskANN-PQ-4bit,efSearch,28,0.959000,450.283686,2203.988751,2666.502000,results/round2/agnews/raw/02_diskann_fair/PQ/agnews_PQ_R64_Lbuild400.log
agnews,DiskANN-PQ-4bit,efSearch,29,0.959000,444.559488,2231.094104,2716.104000,results/round2/agnews/raw/02_diskann_fair/PQ/agnews_PQ_R64_Lbuild400.log
agnews,DiskANN-PQ-4bit,efSearch,30,0.959125,438.892993,2261.598409,2734.744000,results/round2/agnews/raw/02_diskann_fair/PQ/agnews_PQ_R64_Lbuild400.log
agnews,DiskANN-PQ-4bit,efSearch,40,0.961375,386.376418,2569.754813,3154.161000,results/round2/agnews/raw/02_diskann_fair/PQ/agnews_PQ_R64_Lbuild400.log
agnews,DiskANN-PQ-4bit,efSearch,50,0.963000,346.813429,2866.447996,3570.878000,results/round2/agnews/raw/02_diskann_fair/PQ/agnews_PQ_R64_Lbuild400.log
agnews,DiskANN-PQ-4bit,efSearch,60,0.963500,315.576348,3150.568013,4015.640000,results/round2/agnews/raw/02_diskann_fair/PQ/agnews_PQ_R64_Lbuild400.log
agnews,DiskANN-PQ-4bit,efSearch,70,0.964125,289.830767,3431.819658,4377.536000,results/round2/agnews/raw/02_diskann_fair/PQ/agnews_PQ_R64_Lbuild400.log
agnews,DiskANN-PQ-4bit,efSearch,80,0.964375,268.866529,3702.470432,4825.933000,results/round2/agnews/raw/02_diskann_fair/PQ/agnews_PQ_R64_Lbuild400.log
agnews,DiskANN-PQ-4bit,efSearch,90,0.964625,250.788381,3969.157511,5211.707000,results/round2/agnews/raw/02_diskann_fair/PQ/agnews_PQ_R64_Lbuild400.log
agnews,DiskANN-PQ-4bit,efSearch,100,0.964750,235.065362,4235.695646,5630.780000,results/round2/agnews/raw/02_diskann_fair/PQ/agnews_PQ_R64_Lbuild400.log
agnews,DiskANN-PQ-4bit,efSearch,140,0.965125,188.966217,5273.737479,7207.663000,results/round2/agnews/raw/02_diskann_fair/PQ/agnews_PQ_R64_Lbuild400.log
agnews,DiskANN-PQ-4bit,efSearch,180,0.965250,159.054611,6269.573586,8800.726000,results/round2/agnews/raw/02_diskann_fair/PQ/agnews_PQ_R64_Lbuild400.log
agnews,DiskANN-PQ-4bit,efSearch,220,0.965250,136.718226,7297.333897,10349.314000,results/round2/agnews/raw/02_diskann_fair/PQ/agnews_PQ_R64_Lbuild400.log
agnews,DiskANN-PQ-4bit,efSearch,260,0.965250,120.490135,8281.871330,11973.135000,results/round2/agnews/raw/02_diskann_fair/PQ/agnews_PQ_R64_Lbuild400.log
agnews,DiskANN-PQ-4bit,efSearch,300,0.965375,102.178595,9766.739084,14481.654000,results/round2/agnews/raw/02_diskann_fair/PQ/agnews_PQ_R64_Lbuild400.log
agnews,DiskANN-PQ-4bit,efSearch,340,0.965375,86.031527,11597.755197,16989.523000,results/round2/agnews/raw/02_diskann_fair/PQ/agnews_PQ_R64_Lbuild400.log
agnews,DiskANN-PQ-4bit,efSearch,380,0.965375,90.273495,11054.880781,16467.197000,results/round2/agnews/raw/02_diskann_fair/PQ/agnews_PQ_R64_Lbuild400.log
agnews,DiskANN-PQ-4bit,efSearch,420,0.965375,87.301360,11434.476046,16743.422000,results/round2/agnews/raw/02_diskann_fair/PQ/agnews_PQ_R64_Lbuild400.log
agnews,DiskANN-PQ-4bit,efSearch,460,0.965375,80.307249,12431.938203,18189.680000,results/round2/agnews/raw/02_diskann_fair/PQ/agnews_PQ_R64_Lbuild400.log
agnews,DiskANN-SQ-4bit,efSearch,10,0.921750,571.355336,1716.349616,2275.947000,results/round2/agnews/raw/02_diskann_fair/SQ/agnews_SQ_R64_Lbuild400.log
agnews,DiskANN-SQ-4bit,efSearch,11,0.924750,565.333870,1752.221102,2342.056000,results/round2/agnews/raw/02_diskann_fair/SQ/agnews_SQ_R64_Lbuild400.log
agnews,DiskANN-SQ-4bit,efSearch,12,0.927625,547.634488,1809.415737,2428.099000,results/round2/agnews/raw/02_diskann_fair/SQ/agnews_SQ_R64_Lbuild400.log
agnews,DiskANN-SQ-4bit,efSearch,13,0.928750,534.842170,1853.012615,2434.982000,results/round2/agnews/raw/02_diskann_fair/SQ/agnews_SQ_R64_Lbuild400.log
agnews,DiskANN-SQ-4bit,efSearch,14,0.930500,514.311545,1927.745465,2534.057000,results/round2/agnews/raw/02_diskann_fair/SQ/agnews_SQ_R64_Lbuild400.log
agnews,DiskANN-SQ-4bit,efSearch,15,0.931000,497.122374,1994.857140,2612.053000,results/round2/agnews/raw/02_diskann_fair/SQ/agnews_SQ_R64_Lbuild400.log
agnews,DiskANN-SQ-4bit,efSearch,16,0.932125,477.888315,2075.708169,2713.535000,results/round2/agnews/raw/02_diskann_fair/SQ/agnews_SQ_R64_Lbuild400.log
agnews,DiskANN-SQ-4bit,efSearch,17,0.933375,462.621903,2144.940404,2800.659000,results/round2/agnews/raw/02_diskann_fair/SQ/agnews_SQ_R64_Lbuild400.log
agnews,DiskANN-SQ-4bit,efSearch,18,0.935875,447.762747,2216.607259,2913.106000,results/round2/agnews/raw/02_diskann_fair/SQ/agnews_SQ_R64_Lbuild400.log
agnews,DiskANN-SQ-4bit,efSearch,19,0.936625,433.711591,2289.051204,3010.402000,results/round2/agnews/raw/02_diskann_fair/SQ/agnews_SQ_R64_Lbuild400.log
agnews,DiskANN-SQ-4bit,efSearch,20,0.937125,420.766447,2359.857326,3111.530000,results/round2/agnews/raw/02_diskann_fair/SQ/agnews_SQ_R64_Lbuild400.log
agnews,DiskANN-SQ-4bit,efSearch,21,0.938000,407.594823,2436.548690,3216.762000,results/round2/agnews/raw/02_diskann_fair/SQ/agnews_SQ_R64_Lbuild400.log
agnews,DiskANN-SQ-4bit,efSearch,22,0.938125,396.135324,2505.804781,3294.841000,results/round2/agnews/raw/02_diskann_fair/SQ/agnews_SQ_R64_Lbuild400.log
agnews,DiskANN-SQ-4bit,efSearch,23,0.939000,387.362055,2564.887351,3355.509000,results/round2/agnews/raw/02_diskann_fair/SQ/agnews_SQ_R64_Lbuild400.log
agnews,DiskANN-SQ-4bit,efSearch,24,0.938875,377.166419,2634.570669,3466.522000,results/round2/agnews/raw/02_diskann_fair/SQ/agnews_SQ_R64_Lbuild400.log
agnews,DiskANN-SQ-4bit,efSearch,25,0.939250,367.944871,2701.110336,3552.382000,results/round2/agnews/raw/02_diskann_fair/SQ/agnews_SQ_R64_Lbuild400.log
agnews,DiskANN-SQ-4bit,efSearch,26,0.939625,358.422512,2771.808609,3630.612000,results/round2/agnews/raw/02_diskann_fair/SQ/agnews_SQ_R64_Lbuild400.log
agnews,DiskANN-SQ-4bit,efSearch,27,0.940000,350.123963,2839.361787,3718.500000,results/round2/agnews/raw/02_diskann_fair/SQ/agnews_SQ_R64_Lbuild400.log
agnews,DiskANN-SQ-4bit,efSearch,28,0.940750,342.255159,2905.088449,3822.942000,results/round2/agnews/raw/02_diskann_fair/SQ/agnews_SQ_R64_Lbuild400.log
agnews,DiskANN-SQ-4bit,efSearch,29,0.941750,334.231952,2975.188099,3926.876000,results/round2/agnews/raw/02_diskann_fair/SQ/agnews_SQ_R64_Lbuild400.log
agnews,DiskANN-SQ-4bit,efSearch,30,0.942500,326.522663,3044.442745,4033.331000,results/round2/agnews/raw/02_diskann_fair/SQ/agnews_SQ_R64_Lbuild400.log
agnews,DiskANN-SQ-4bit,efSearch,40,0.945875,269.380667,3695.104365,4978.977000,results/round2/agnews/raw/02_diskann_fair/SQ/agnews_SQ_R64_Lbuild400.log
agnews,DiskANN-SQ-4bit,efSearch,50,0.946250,230.657526,4318.489428,5885.886000,results/round2/agnews/raw/02_diskann_fair/SQ/agnews_SQ_R64_Lbuild400.log
agnews,DiskANN-SQ-4bit,efSearch,60,0.946625,202.236433,4926.306805,6760.770000,results/round2/agnews/raw/02_diskann_fair/SQ/agnews_SQ_R64_Lbuild400.log
agnews,DiskANN-SQ-4bit,efSearch,70,0.947250,180.718120,5516.201324,7597.024000,results/round2/agnews/raw/02_diskann_fair/SQ/agnews_SQ_R64_Lbuild400.log
agnews,DiskANN-SQ-4bit,efSearch,80,0.947375,163.478574,6098.184617,8497.141000,results/round2/agnews/raw/02_diskann_fair/SQ/agnews_SQ_R64_Lbuild400.log
agnews,DiskANN-SQ-4bit,efSearch,90,0.947500,149.965674,6650.705990,9348.843000,results/round2/agnews/raw/02_diskann_fair/SQ/agnews_SQ_R64_Lbuild400.log
agnews,DiskANN-SQ-4bit,efSearch,100,0.947875,138.371028,7208.259109,10184.832000,results/round2/agnews/raw/02_diskann_fair/SQ/agnews_SQ_R64_Lbuild400.log
agnews,DiskANN-SQ-4bit,efSearch,140,0.948250,107.010447,9326.425273,13435.890000,results/round2/agnews/raw/02_diskann_fair/SQ/agnews_SQ_R64_Lbuild400.log
agnews,DiskANN-SQ-4bit,efSearch,180,0.948125,88.027845,11341.637609,16747.271000,results/round2/agnews/raw/02_diskann_fair/SQ/agnews_SQ_R64_Lbuild400.log
agnews,DiskANN-SQ-4bit,efSearch,220,0.948125,75.109649,13295.499919,19832.490000,results/round2/agnews/raw/02_diskann_fair/SQ/agnews_SQ_R64_Lbuild400.log
agnews,DiskANN-SQ-4bit,efSearch,260,0.948125,65.629334,15218.498591,22771.128000,results/round2/agnews/raw/02_diskann_fair/SQ/agnews_SQ_R64_Lbuild400.log
agnews,DiskANN-SQ-4bit,efSearch,300,0.948125,58.479774,17079.999001,25623.619000,results/round2/agnews/raw/02_diskann_fair/SQ/agnews_SQ_R64_Lbuild400.log
agnews,DiskANN-SQ-4bit,efSearch,340,0.948250,52.244609,19123.417519,28944.390000,results/round2/agnews/raw/02_diskann_fair/SQ/agnews_SQ_R64_Lbuild400.log
agnews,DiskANN-SQ-4bit,efSearch,380,0.948250,47.962980,20827.721086,31594.261000,results/round2/agnews/raw/02_diskann_fair/SQ/agnews_SQ_R64_Lbuild400.log
agnews,DiskANN-SQ-4bit,efSearch,420,0.948250,44.823609,22292.386749,33873.475000,results/round2/agnews/raw/02_diskann_fair/SQ/agnews_SQ_R64_Lbuild400.log
agnews,DiskANN-SQ-4bit,efSearch,460,0.948250,41.782273,23913.858754,36167.817000,results/round2/agnews/raw/02_diskann_fair/SQ/agnews_SQ_R64_Lbuild400.log
agnews,DiskANN-SQ-4bit,efSearch,10,0.921750,592.428993,1657.406168,2203.975000,results/round2/agnews/raw/02_diskann_fair/SQ/agnews_SQ_R64_Lbuild400.log
agnews,DiskANN-SQ-4bit,efSearch,11,0.924750,571.534232,1732.717895,2319.111000,results/round2/agnews/raw/02_diskann_fair/SQ/agnews_SQ_R64_Lbuild400.log
agnews,DiskANN-SQ-4bit,efSearch,12,0.927625,549.063224,1804.443345,2404.060000,results/round2/agnews/raw/02_diskann_fair/SQ/agnews_SQ_R64_Lbuild400.log
agnews,DiskANN-SQ-4bit,efSearch,13,0.928750,528.530315,1875.131654,2461.213000,results/round2/agnews/raw/02_diskann_fair/SQ/agnews_SQ_R64_Lbuild400.log
agnews,DiskANN-SQ-4bit,efSearch,14,0.930500,507.826930,1952.328002,2568.146000,results/round2/agnews/raw/02_diskann_fair/SQ/agnews_SQ_R64_Lbuild400.log
agnews,DiskANN-SQ-4bit,efSearch,15,0.931000,491.048497,2019.625128,2649.607000,results/round2/agnews/raw/02_diskann_fair/SQ/agnews_SQ_R64_Lbuild400.log
agnews,DiskANN-SQ-4bit,efSearch,16,0.932125,472.011339,2101.727791,2755.391000,results/round2/agnews/raw/02_diskann_fair/SQ/agnews_SQ_R64_Lbuild400.log
agnews,DiskANN-SQ-4bit,efSearch,17,0.933375,456.234934,2175.009661,2847.676000,results/round2/agnews/raw/02_diskann_fair/SQ/agnews_SQ_R64_Lbuild400.log
agnews,DiskANN-SQ-4bit,efSearch,18,0.935875,441.662303,2247.112367,2941.645000,results/round2/agnews/raw/02_diskann_fair/SQ/agnews_SQ_R64_Lbuild400.log
agnews,DiskANN-SQ-4bit,efSearch,19,0.936625,427.888519,2320.066606,3042.983000,results/round2/agnews/raw/02_diskann_fair/SQ/agnews_SQ_R64_Lbuild400.log
agnews,DiskANN-SQ-4bit,efSearch,20,0.937125,416.635410,2383.073977,3141.171000,results/round2/agnews/raw/02_diskann_fair/SQ/agnews_SQ_R64_Lbuild400.log
agnews,DiskANN-SQ-4bit,efSearch,21,0.938000,403.320076,2462.413701,3247.989000,results/round2/agnews/raw/02_diskann_fair/SQ/agnews_SQ_R64_Lbuild400.log
agnews,DiskANN-SQ-4bit,efSearch,22,0.938125,392.670491,2529.651601,3329.080000,results/round2/agnews/raw/02_diskann_fair/SQ/agnews_SQ_R64_Lbuild400.log
agnews,DiskANN-SQ-4bit,efSearch,23,0.939000,381.532758,2601.668110,3401.968000,results/round2/agnews/raw/02_diskann_fair/SQ/agnews_SQ_R64_Lbuild400.log
agnews,DiskANN-SQ-4bit,efSearch,24,0.938875,371.657145,2673.584689,3510.163000,results/round2/agnews/raw/02_diskann_fair/SQ/agnews_SQ_R64_Lbuild400.log
agnews,DiskANN-SQ-4bit,efSearch,25,0.939250,362.708211,2738.503263,3606.685000,results/round2/agnews/raw/02_diskann_fair/SQ/agnews_SQ_R64_Lbuild400.log
agnews,DiskANN-SQ-4bit,efSearch,26,0.939625,353.575541,2809.791482,3676.951000,results/round2/agnews/raw/02_diskann_fair/SQ/agnews_SQ_R64_Lbuild400.log
agnews,DiskANN-SQ-4bit,efSearch,27,0.940000,345.254134,2877.713555,3757.065000,results/round2/agnews/raw/02_diskann_fair/SQ/agnews_SQ_R64_Lbuild400.log
agnews,DiskANN-SQ-4bit,efSearch,28,0.940750,337.310185,2945.936644,3880.508000,results/round2/agnews/raw/02_diskann_fair/SQ/agnews_SQ_R64_Lbuild400.log
agnews,DiskANN-SQ-4bit,efSearch,29,0.941750,329.336864,3017.734645,3990.740000,results/round2/agnews/raw/02_diskann_fair/SQ/agnews_SQ_R64_Lbuild400.log
agnews,DiskANN-SQ-4bit,efSearch,30,0.942500,322.094221,3086.154161,4084.626000,results/round2/agnews/raw/02_diskann_fair/SQ/agnews_SQ_R64_Lbuild400.log
agnews,DiskANN-SQ-4bit,efSearch,40,0.945875,265.670344,3745.240812,5048.125000,results/round2/agnews/raw/02_diskann_fair/SQ/agnews_SQ_R64_Lbuild400.log
agnews,DiskANN-SQ-4bit,efSearch,50,0.946250,227.236887,4380.317964,5966.196000,results/round2/agnews/raw/02_diskann_fair/SQ/agnews_SQ_R64_Lbuild400.log
agnews,DiskANN-SQ-4bit,efSearch,60,0.946625,198.956740,5005.313612,6858.339000,results/round2/agnews/raw/02_diskann_fair/SQ/agnews_SQ_R64_Lbuild400.log
agnews,DiskANN-SQ-4bit,efSearch,70,0.947250,177.319603,5622.112519,7750.878000,results/round2/agnews/raw/02_diskann_fair/SQ/agnews_SQ_R64_Lbuild400.log
agnews,DiskANN-SQ-4bit,efSearch,80,0.947375,158.303790,6299.505419,8838.733000,results/round2/agnews/raw/02_diskann_fair/SQ/agnews_SQ_R64_Lbuild400.log
agnews,DiskANN-SQ-4bit,efSearch,90,0.947500,146.191428,6820.454835,9683.091000,results/round2/agnews/raw/02_diskann_fair/SQ/agnews_SQ_R64_Lbuild400.log
agnews,DiskANN-SQ-4bit,efSearch,100,0.947875,136.477848,7308.439635,10324.790000,results/round2/agnews/raw/02_diskann_fair/SQ/agnews_SQ_R64_Lbuild400.log
agnews,DiskANN-SQ-4bit,efSearch,140,0.948250,105.531410,9457.065116,13699.224000,results/round2/agnews/raw/02_diskann_fair/SQ/agnews_SQ_R64_Lbuild400.log
agnews,DiskANN-SQ-4bit,efSearch,180,0.948125,86.940594,11481.636095,16882.064000,results/round2/agnews/raw/02_diskann_fair/SQ/agnews_SQ_R64_Lbuild400.log
agnews,DiskANN-SQ-4bit,efSearch,220,0.948125,74.174231,13461.523770,20112.095000,results/round2/agnews/raw/02_diskann_fair/SQ/agnews_SQ_R64_Lbuild400.log
agnews,DiskANN-SQ-4bit,efSearch,260,0.948125,64.975328,15368.776620,22974.430000,results/round2/agnews/raw/02_diskann_fair/SQ/agnews_SQ_R64_Lbuild400.log
agnews,DiskANN-SQ-4bit,efSearch,300,0.948125,57.573546,17342.523646,26047.825000,results/round2/agnews/raw/02_diskann_fair/SQ/agnews_SQ_R64_Lbuild400.log
agnews,DiskANN-SQ-4bit,efSearch,340,0.948250,51.936665,19236.863772,28951.458000,results/round2/agnews/raw/02_diskann_fair/SQ/agnews_SQ_R64_Lbuild400.log
agnews,DiskANN-SQ-4bit,efSearch,380,0.948250,49.242758,20288.380619,30619.099000,results/round2/agnews/raw/02_diskann_fair/SQ/agnews_SQ_R64_Lbuild400.log
agnews,DiskANN-SQ-4bit,efSearch,420,0.948250,45.398596,22007.261689,33316.907000,results/round2/agnews/raw/02_diskann_fair/SQ/agnews_SQ_R64_Lbuild400.log
agnews,DiskANN-SQ-4bit,efSearch,460,0.948250,42.114334,23724.493162,35939.872000,results/round2/agnews/raw/02_diskann_fair/SQ/agnews_SQ_R64_Lbuild400.log
agnews,DiskANN-SAQ-4bit,efSearch,10,0.919125,2211.054658,420.760630,561.706000,results/round2/agnews/raw/02_diskann_fair/SAQ/agnews_SAQ_R64_Lbuild400.log
agnews,DiskANN-SAQ-4bit,efSearch,11,0.922000,2153.752504,443.412026,593.566000,results/round2/agnews/raw/02_diskann_fair/SAQ/agnews_SAQ_R64_Lbuild400.log
agnews,DiskANN-SAQ-4bit,efSearch,12,0.925875,2226.183468,428.096498,579.654000,results/round2/agnews/raw/02_diskann_fair/SAQ/agnews_SAQ_R64_Lbuild400.log
agnews,DiskANN-SAQ-4bit,efSearch,13,0.928125,2333.387962,407.706135,537.102000,results/round2/agnews/raw/02_diskann_fair/SAQ/agnews_SAQ_R64_Lbuild400.log
agnews,DiskANN-SAQ-4bit,efSearch,14,0.929750,2291.804783,415.433124,545.538000,results/round2/agnews/raw/02_diskann_fair/SAQ/agnews_SAQ_R64_Lbuild400.log
agnews,DiskANN-SAQ-4bit,efSearch,15,0.932375,2205.842524,432.273334,566.016000,results/round2/agnews/raw/02_diskann_fair/SAQ/agnews_SAQ_R64_Lbuild400.log
agnews,DiskANN-SAQ-4bit,efSearch,16,0.934250,2121.103880,450.234813,585.527000,results/round2/agnews/raw/02_diskann_fair/SAQ/agnews_SAQ_R64_Lbuild400.log
agnews,DiskANN-SAQ-4bit,efSearch,17,0.935500,2056.309369,465.425645,602.157000,results/round2/agnews/raw/02_diskann_fair/SAQ/agnews_SAQ_R64_Lbuild400.log
agnews,DiskANN-SAQ-4bit,efSearch,18,0.936250,1994.970599,480.277800,629.111000,results/round2/agnews/raw/02_diskann_fair/SAQ/agnews_SAQ_R64_Lbuild400.log
agnews,DiskANN-SAQ-4bit,efSearch,19,0.937000,1929.462958,497.398217,648.762000,results/round2/agnews/raw/02_diskann_fair/SAQ/agnews_SAQ_R64_Lbuild400.log
agnews,DiskANN-SAQ-4bit,efSearch,20,0.938375,1864.829368,515.367193,672.672000,results/round2/agnews/raw/02_diskann_fair/SAQ/agnews_SAQ_R64_Lbuild400.log
agnews,DiskANN-SAQ-4bit,efSearch,21,0.939500,1817.676868,529.150326,686.557000,results/round2/agnews/raw/02_diskann_fair/SAQ/agnews_SAQ_R64_Lbuild400.log
agnews,DiskANN-SAQ-4bit,efSearch,22,0.940000,1767.314139,544.945123,714.577000,results/round2/agnews/raw/02_diskann_fair/SAQ/agnews_SAQ_R64_Lbuild400.log
agnews,DiskANN-SAQ-4bit,efSearch,23,0.941625,1717.388815,561.023990,734.008000,results/round2/agnews/raw/02_diskann_fair/SAQ/agnews_SAQ_R64_Lbuild400.log
agnews,DiskANN-SAQ-4bit,efSearch,24,0.942875,1671.020224,577.426471,753.291000,results/round2/agnews/raw/02_diskann_fair/SAQ/agnews_SAQ_R64_Lbuild400.log
agnews,DiskANN-SAQ-4bit,efSearch,25,0.943375,1628.268510,592.978297,774.582000,results/round2/agnews/raw/02_diskann_fair/SAQ/agnews_SAQ_R64_Lbuild400.log
agnews,DiskANN-SAQ-4bit,efSearch,26,0.944000,1585.089570,609.590240,800.380000,results/round2/agnews/raw/02_diskann_fair/SAQ/agnews_SAQ_R64_Lbuild400.log
agnews,DiskANN-SAQ-4bit,efSearch,27,0.944250,1546.256141,625.512600,815.726000,results/round2/agnews/raw/02_diskann_fair/SAQ/agnews_SAQ_R64_Lbuild400.log
agnews,DiskANN-SAQ-4bit,efSearch,28,0.944500,1498.328336,646.183662,837.385000,results/round2/agnews/raw/02_diskann_fair/SAQ/agnews_SAQ_R64_Lbuild400.log
agnews,DiskANN-SAQ-4bit,efSearch,29,0.944625,1471.851132,658.251075,852.450000,results/round2/agnews/raw/02_diskann_fair/SAQ/agnews_SAQ_R64_Lbuild400.log
agnews,DiskANN-SAQ-4bit,efSearch,30,0.945000,1437.607898,674.430530,869.438000,results/round2/agnews/raw/02_diskann_fair/SAQ/agnews_SAQ_R64_Lbuild400.log
agnews,DiskANN-SAQ-4bit,efSearch,40,0.947250,1180.341663,825.711383,1073.026000,results/round2/agnews/raw/02_diskann_fair/SAQ/agnews_SAQ_R64_Lbuild400.log
agnews,DiskANN-SAQ-4bit,efSearch,50,0.950125,1014.269496,964.350727,1258.520000,results/round2/agnews/raw/02_diskann_fair/SAQ/agnews_SAQ_R64_Lbuild400.log
agnews,DiskANN-SAQ-4bit,efSearch,60,0.951250,890.482609,1101.536842,1462.211000,results/round2/agnews/raw/02_diskann_fair/SAQ/agnews_SAQ_R64_Lbuild400.log
agnews,DiskANN-SAQ-4bit,efSearch,70,0.951625,796.669127,1233.467562,1645.560000,results/round2/agnews/raw/02_diskann_fair/SAQ/agnews_SAQ_R64_Lbuild400.log
agnews,DiskANN-SAQ-4bit,efSearch,80,0.952125,719.517467,1368.178159,1842.148000,results/round2/agnews/raw/02_diskann_fair/SAQ/agnews_SAQ_R64_Lbuild400.log
agnews,DiskANN-SAQ-4bit,efSearch,90,0.952375,662.721653,1487.223995,2016.287000,results/round2/agnews/raw/02_diskann_fair/SAQ/agnews_SAQ_R64_Lbuild400.log
agnews,DiskANN-SAQ-4bit,efSearch,100,0.952500,613.115513,1609.223058,2193.627000,results/round2/agnews/raw/02_diskann_fair/SAQ/agnews_SAQ_R64_Lbuild400.log
agnews,DiskANN-SAQ-4bit,efSearch,140,0.952750,472.842552,2093.411659,2914.300000,results/round2/agnews/raw/02_diskann_fair/SAQ/agnews_SAQ_R64_Lbuild400.log
agnews,DiskANN-SAQ-4bit,efSearch,180,0.952875,387.898599,2556.594336,3636.495000,results/round2/agnews/raw/02_diskann_fair/SAQ/agnews_SAQ_R64_Lbuild400.log
agnews,DiskANN-SAQ-4bit,efSearch,220,0.953000,329.054706,3006.492861,4348.145000,results/round2/agnews/raw/02_diskann_fair/SAQ/agnews_SAQ_R64_Lbuild400.log
agnews,DiskANN-SAQ-4bit,efSearch,260,0.953250,286.466696,3452.401249,4981.456000,results/round2/agnews/raw/02_diskann_fair/SAQ/agnews_SAQ_R64_Lbuild400.log
agnews,DiskANN-SAQ-4bit,efSearch,300,0.953250,255.425139,3876.628992,5617.122000,results/round2/agnews/raw/02_diskann_fair/SAQ/agnews_SAQ_R64_Lbuild400.log
agnews,DiskANN-SAQ-4bit,efSearch,340,0.953250,230.267326,4306.531247,6280.051000,results/round2/agnews/raw/02_diskann_fair/SAQ/agnews_SAQ_R64_Lbuild400.log
agnews,DiskANN-SAQ-4bit,efSearch,380,0.953250,209.835776,4735.376388,6884.702000,results/round2/agnews/raw/02_diskann_fair/SAQ/agnews_SAQ_R64_Lbuild400.log
agnews,DiskANN-SAQ-4bit,efSearch,420,0.953250,192.463420,5172.662885,7532.004000,results/round2/agnews/raw/02_diskann_fair/SAQ/agnews_SAQ_R64_Lbuild400.log
agnews,DiskANN-SAQ-4bit,efSearch,460,0.953250,170.080005,5860.258753,8569.264000,results/round2/agnews/raw/02_diskann_fair/SAQ/agnews_SAQ_R64_Lbuild400.log
agnews,DiskANN-SAQ-4bit,efSearch,10,0.919125,2163.446647,373.360797,495.787000,results/round2/agnews/raw/02_diskann_fair/SAQ/agnews_SAQ_R64_Lbuild400.log
agnews,DiskANN-SAQ-4bit,efSearch,11,0.922000,2480.448100,384.469967,512.708000,results/round2/agnews/raw/02_diskann_fair/SAQ/agnews_SAQ_R64_Lbuild400.log
agnews,DiskANN-SAQ-4bit,efSearch,12,0.925875,2382.158242,400.377496,533.184000,results/round2/agnews/raw/02_diskann_fair/SAQ/agnews_SAQ_R64_Lbuild400.log
agnews,DiskANN-SAQ-4bit,efSearch,13,0.928125,2277.687403,419.663811,557.561000,results/round2/agnews/raw/02_diskann_fair/SAQ/agnews_SAQ_R64_Lbuild400.log
agnews,DiskANN-SAQ-4bit,efSearch,14,0.929750,2188.805156,437.548736,575.901000,results/round2/agnews/raw/02_diskann_fair/SAQ/agnews_SAQ_R64_Lbuild400.log
agnews,DiskANN-SAQ-4bit,efSearch,15,0.932375,2113.674565,453.800082,597.878000,results/round2/agnews/raw/02_diskann_fair/SAQ/agnews_SAQ_R64_Lbuild400.log
agnews,DiskANN-SAQ-4bit,efSearch,16,0.934250,2036.895028,471.627261,616.203000,results/round2/agnews/raw/02_diskann_fair/SAQ/agnews_SAQ_R64_Lbuild400.log
agnews,DiskANN-SAQ-4bit,efSearch,17,0.935500,1970.969895,488.090809,641.170000,results/round2/agnews/raw/02_diskann_fair/SAQ/agnews_SAQ_R64_Lbuild400.log
agnews,DiskANN-SAQ-4bit,efSearch,18,0.936250,1907.790217,504.998557,660.743000,results/round2/agnews/raw/02_diskann_fair/SAQ/agnews_SAQ_R64_Lbuild400.log
agnews,DiskANN-SAQ-4bit,efSearch,19,0.937000,1851.642389,520.878350,683.595000,results/round2/agnews/raw/02_diskann_fair/SAQ/agnews_SAQ_R64_Lbuild400.log
agnews,DiskANN-SAQ-4bit,efSearch,20,0.938375,1791.106716,539.061966,713.618000,results/round2/agnews/raw/02_diskann_fair/SAQ/agnews_SAQ_R64_Lbuild400.log
agnews,DiskANN-SAQ-4bit,efSearch,21,0.939500,1742.417642,554.760659,726.154000,results/round2/agnews/raw/02_diskann_fair/SAQ/agnews_SAQ_R64_Lbuild400.log
agnews,DiskANN-SAQ-4bit,efSearch,22,0.940000,1699.249265,569.484965,749.361000,results/round2/agnews/raw/02_diskann_fair/SAQ/agnews_SAQ_R64_Lbuild400.log
agnews,DiskANN-SAQ-4bit,efSearch,23,0.941625,1654.938740,585.076012,763.575000,results/round2/agnews/raw/02_diskann_fair/SAQ/agnews_SAQ_R64_Lbuild400.log
agnews,DiskANN-SAQ-4bit,efSearch,24,0.942875,1606.021005,603.378549,782.183000,results/round2/agnews/raw/02_diskann_fair/SAQ/agnews_SAQ_R64_Lbuild400.log
agnews,DiskANN-SAQ-4bit,efSearch,25,0.943375,1566.381524,619.212605,805.435000,results/round2/agnews/raw/02_diskann_fair/SAQ/agnews_SAQ_R64_Lbuild400.log
agnews,DiskANN-SAQ-4bit,efSearch,26,0.944000,1523.126099,636.035568,833.850000,results/round2/agnews/raw/02_diskann_fair/SAQ/agnews_SAQ_R64_Lbuild400.log
agnews,DiskANN-SAQ-4bit,efSearch,27,0.944250,1487.805531,653.178615,849.785000,results/round2/agnews/raw/02_diskann_fair/SAQ/agnews_SAQ_R64_Lbuild400.log
agnews,DiskANN-SAQ-4bit,efSearch,28,0.944500,1452.310025,669.383399,868.044000,results/round2/agnews/raw/02_diskann_fair/SAQ/agnews_SAQ_R64_Lbuild400.log
agnews,DiskANN-SAQ-4bit,efSearch,29,0.944625,1387.049365,693.947578,892.789000,results/round2/agnews/raw/02_diskann_fair/SAQ/agnews_SAQ_R64_Lbuild400.log
agnews,DiskANN-SAQ-4bit,efSearch,30,0.945000,1386.236439,702.314859,907.863000,results/round2/agnews/raw/02_diskann_fair/SAQ/agnews_SAQ_R64_Lbuild400.log
agnews,DiskANN-SAQ-4bit,efSearch,40,0.947250,1150.209666,849.776887,1105.378000,results/round2/agnews/raw/02_diskann_fair/SAQ/agnews_SAQ_R64_Lbuild400.log
agnews,DiskANN-SAQ-4bit,efSearch,50,0.950125,964.986529,1008.607620,1320.740000,results/round2/agnews/raw/02_diskann_fair/SAQ/agnews_SAQ_R64_Lbuild400.log
agnews,DiskANN-SAQ-4bit,efSearch,60,0.951250,863.175867,1139.688808,1507.900000,results/round2/agnews/raw/02_diskann_fair/SAQ/agnews_SAQ_R64_Lbuild400.log
agnews,DiskANN-SAQ-4bit,efSearch,70,0.951625,760.222948,1293.485746,1728.183000,results/round2/agnews/raw/02_diskann_fair/SAQ/agnews_SAQ_R64_Lbuild400.log
agnews,DiskANN-SAQ-4bit,efSearch,80,0.952125,693.267152,1423.683164,1939.775000,results/round2/agnews/raw/02_diskann_fair/SAQ/agnews_SAQ_R64_Lbuild400.log
agnews,DiskANN-SAQ-4bit,efSearch,90,0.952375,582.983228,1696.513906,2275.825000,results/round2/agnews/raw/02_diskann_fair/SAQ/agnews_SAQ_R64_Lbuild400.log
agnews,DiskANN-SAQ-4bit,efSearch,100,0.952500,547.740871,1806.766261,2536.906000,results/round2/agnews/raw/02_diskann_fair/SAQ/agnews_SAQ_R64_Lbuild400.log
agnews,DiskANN-SAQ-4bit,efSearch,140,0.952750,419.134127,2366.893627,3346.141000,results/round2/agnews/raw/02_diskann_fair/SAQ/agnews_SAQ_R64_Lbuild400.log
agnews,DiskANN-SAQ-4bit,efSearch,180,0.952875,380.055370,2612.246537,3721.925000,results/round2/agnews/raw/02_diskann_fair/SAQ/agnews_SAQ_R64_Lbuild400.log
agnews,DiskANN-SAQ-4bit,efSearch,220,0.953000,326.112828,3047.620689,4406.143000,results/round2/agnews/raw/02_diskann_fair/SAQ/agnews_SAQ_R64_Lbuild400.log
agnews,DiskANN-SAQ-4bit,efSearch,260,0.953250,282.482971,3521.107785,5072.106000,results/round2/agnews/raw/02_diskann_fair/SAQ/agnews_SAQ_R64_Lbuild400.log
agnews,DiskANN-SAQ-4bit,efSearch,300,0.953250,250.126593,3977.217446,5797.177000,results/round2/agnews/raw/02_diskann_fair/SAQ/agnews_SAQ_R64_Lbuild400.log
agnews,DiskANN-SAQ-4bit,efSearch,340,0.953250,225.459230,4415.094888,6420.413000,results/round2/agnews/raw/02_diskann_fair/SAQ/agnews_SAQ_R64_Lbuild400.log
agnews,DiskANN-SAQ-4bit,efSearch,380,0.953250,207.751653,4793.203073,7000.451000,results/round2/agnews/raw/02_diskann_fair/SAQ/agnews_SAQ_R64_Lbuild400.log
agnews,DiskANN-SAQ-4bit,efSearch,420,0.953250,195.154194,5102.107584,7373.400000,results/round2/agnews/raw/02_diskann_fair/SAQ/agnews_SAQ_R64_Lbuild400.log
agnews,DiskANN-SAQ-4bit,efSearch,460,0.953250,179.053903,5564.420089,8073.567000,results/round2/agnews/raw/02_diskann_fair/SAQ/agnews_SAQ_R64_Lbuild400.log
