suite,dataset,method,metric,k,nominal_bpd,actual_bytes_per_vector,index_size_mb,peak_rss_mb,build_time_ms,train_time_ms,encode_time_ms,search_param_name,search_param_value,recall,qps,latency_mean_us,latency_p50_us,latency_p95_us,distance_calls,threads,repeat_id,git_commit
01_quantizer_fair,agnews,SQ_4bit,L2,10,4,512,375.683,724.961,1820.47,206.847,1613.62,rerank_candidates,10,1,11108.8,90.0186,89.574,97.622,10000,1,0,a424dcb809fd725c44dd976d9063febd4837d16a
01_quantizer_fair,agnews,SQ_4bit,L2,10,4,512,375.683,724.961,1820.47,206.847,1613.62,rerank_candidates,11,0.9659,10280.6,97.2702,97.136,103.901,11000,1,0,a424dcb809fd725c44dd976d9063febd4837d16a
01_quantizer_fair,agnews,SQ_4bit,L2,10,4,512,375.683,724.961,1820.47,206.847,1613.62,rerank_candidates,12,0.954,18750.8,53.3311,53.106,54.268,12000,1,0,a424dcb809fd725c44dd976d9063febd4837d16a
01_quantizer_fair,agnews,SQ_4bit,L2,10,4,512,375.683,724.961,1820.47,206.847,1613.62,rerank_candidates,13,0.9499,17468.5,57.246,57.065,57.883,13000,1,0,a424dcb809fd725c44dd976d9063febd4837d16a
01_quantizer_fair,agnews,SQ_4bit,L2,10,4,512,375.683,724.961,1820.47,206.847,1613.62,rerank_candidates,14,0.9479,16244.2,61.5604,61.301,62.059,14000,1,0,a424dcb809fd725c44dd976d9063febd4837d16a
01_quantizer_fair,agnews,SQ_4bit,L2,10,4,512,375.683,724.961,1820.47,206.847,1613.62,rerank_candidates,15,0.9468,15188.3,65.8401,65.659,66.455,15000,1,0,a424dcb809fd725c44dd976d9063febd4837d16a
01_quantizer_fair,agnews,SQ_4bit,L2,10,4,512,375.683,724.961,1820.47,206.847,1613.62,rerank_candidates,16,0.9465,14240.2,70.2238,70.058,70.776,16000,1,0,a424dcb809fd725c44dd976d9063febd4837d16a
01_quantizer_fair,agnews,SQ_4bit,L2,10,4,512,375.683,724.961,1820.47,206.847,1613.62,rerank_candidates,17,0.9464,13402.7,74.6117,74.423,75.189,17000,1,0,a424dcb809fd725c44dd976d9063febd4837d16a
01_quantizer_fair,agnews,SQ_4bit,L2,10,4,512,375.683,724.961,1820.47,206.847,1613.62,rerank_candidates,18,0.9462,12648.3,79.062,78.873,79.677,18000,1,0,a424dcb809fd725c44dd976d9063febd4837d16a
01_quantizer_fair,agnews,SQ_4bit,L2,10,4,512,375.683,724.961,1820.47,206.847,1613.62,rerank_candidates,19,0.946,11969,83.5491,83.329,84.228,19000,1,0,a424dcb809fd725c44dd976d9063febd4837d16a
01_quantizer_fair,agnews,SQ_4bit,L2,10,4,512,375.683,724.961,1820.47,206.847,1613.62,rerank_candidates,20,0.9459,11376.3,87.902,87.72,88.649,20000,1,0,a424dcb809fd725c44dd976d9063febd4837d16a
01_quantizer_fair,agnews,SQ_4bit,L2,10,4,512,375.683,724.961,1820.47,206.847,1613.62,rerank_candidates,21,0.9457,10828.6,92.3477,92.139,93.064,21000,1,0,a424dcb809fd725c44dd976d9063febd4837d16a
01_quantizer_fair,agnews,SQ_4bit,L2,10,4,512,375.683,724.961,1820.47,206.847,1613.62,rerank_candidates,22,0.9457,10327.7,96.8271,96.626,97.572,22000,1,0,a424dcb809fd725c44dd976d9063febd4837d16a
01_quantizer_fair,agnews,SQ_4bit,L2,10,4,512,375.683,724.961,1820.47,206.847,1613.62,rerank_candidates,23,0.9457,9873.89,101.277,101.094,102.08,23000,1,0,a424dcb809fd725c44dd976d9063febd4837d16a
01_quantizer_fair,agnews,SQ_4bit,L2,10,4,512,375.683,724.961,1820.47,206.847,1613.62,rerank_candidates,24,0.9457,9447.02,105.853,105.645,106.789,24000,1,0,a424dcb809fd725c44dd976d9063febd4837d16a
01_quantizer_fair,agnews,SQ_4bit,L2,10,4,512,375.683,724.961,1820.47,206.847,1613.62,rerank_candidates,25,0.9457,9066.09,110.301,110.082,111.183,25000,1,0,a424dcb809fd725c44dd976d9063febd4837d16a
01_quantizer_fair,agnews,SQ_4bit,L2,10,4,512,375.683,724.961,1820.47,206.847,1613.62,rerank_candidates,26,0.9457,8720.6,114.671,114.47,115.596,26000,1,0,a424dcb809fd725c44dd976d9063febd4837d16a
01_quantizer_fair,agnews,SQ_4bit,L2,10,4,512,375.683,724.961,1820.47,206.847,1613.62,rerank_candidates,27,0.9457,8392.52,119.154,118.925,120.058,27000,1,0,a424dcb809fd725c44dd976d9063febd4837d16a
01_quantizer_fair,agnews,SQ_4bit,L2,10,4,512,375.683,724.961,1820.47,206.847,1613.62,rerank_candidates,28,0.9457,8090.59,123.6,123.392,124.553,28000,1,0,a424dcb809fd725c44dd976d9063febd4837d16a
01_quantizer_fair,agnews,SQ_4bit,L2,10,4,512,375.683,724.961,1820.47,206.847,1613.62,rerank_candidates,29,0.9457,7808.33,128.068,127.855,129.013,29000,1,0,a424dcb809fd725c44dd976d9063febd4837d16a
01_quantizer_fair,agnews,SQ_4bit,L2,10,4,512,375.683,724.961,1820.47,206.847,1613.62,rerank_candidates,30,0.9457,7540.3,132.621,132.405,133.583,30000,1,0,a424dcb809fd725c44dd976d9063febd4837d16a
01_quantizer_fair,agnews,SQ_4bit,L2,10,4,512,375.683,724.961,1820.47,206.847,1613.62,rerank_candidates,40,0.9457,5601.04,178.538,178.302,180.482,40000,1,0,a424dcb809fd725c44dd976d9063febd4837d16a
01_quantizer_fair,agnews,SQ_4bit,L2,10,4,512,375.683,724.961,1820.47,206.847,1613.62,rerank_candidates,50,0.9457,4457.75,224.329,224.041,227.51,50000,1,0,a424dcb809fd725c44dd976d9063febd4837d16a
01_quantizer_fair,agnews,SQ_4bit,L2,10,4,512,375.683,724.961,1820.47,206.847,1613.62,rerank_candidates,60,0.9457,3705.21,269.89,269.41,273.809,60000,1,0,a424dcb809fd725c44dd976d9063febd4837d16a
01_quantizer_fair,agnews,SQ_4bit,L2,10,4,512,375.683,724.961,1820.47,206.847,1613.62,rerank_candidates,70,0.9457,3173.27,315.132,314.887,319.182,70000,1,0,a424dcb809fd725c44dd976d9063febd4837d16a
01_quantizer_fair,agnews,SQ_4bit,L2,10,4,512,375.683,724.961,1820.47,206.847,1613.62,rerank_candidates,80,0.9457,2759.04,362.445,362.04,367.12,80000,1,0,a424dcb809fd725c44dd976d9063febd4837d16a
01_quantizer_fair,agnews,SQ_4bit,L2,10,4,512,375.683,724.961,1820.47,206.847,1613.62,rerank_candidates,90,0.9457,2452.08,407.817,407.501,412.982,90000,1,0,a424dcb809fd725c44dd976d9063febd4837d16a
01_quantizer_fair,agnews,SQ_4bit,L2,10,4,512,375.683,724.961,1820.47,206.847,1613.62,rerank_candidates,100,0.9457,2214.55,451.558,451.33,456.495,100000,1,0,a424dcb809fd725c44dd976d9063febd4837d16a
01_quantizer_fair,agnews,SQ_4bit,L2,10,4,512,375.683,724.961,1820.47,206.847,1613.62,rerank_candidates,140,0.9457,1578.8,633.392,633.262,639.025,140000,1,0,a424dcb809fd725c44dd976d9063febd4837d16a
01_quantizer_fair,agnews,SQ_4bit,L2,10,4,512,375.683,724.961,1820.47,206.847,1613.62,rerank_candidates,180,0.9457,1227.33,814.779,814.682,821.36,180000,1,0,a424dcb809fd725c44dd976d9063febd4837d16a
01_quantizer_fair,agnews,SQ_4bit,L2,10,4,512,375.683,724.961,1820.47,206.847,1613.62,rerank_candidates,220,0.9457,1003.58,996.438,996.332,1004.06,220000,1,0,a424dcb809fd725c44dd976d9063febd4837d16a
01_quantizer_fair,agnews,SQ_4bit,L2,10,4,512,375.683,724.961,1820.47,206.847,1613.62,rerank_candidates,260,0.9457,849.179,1177.61,1177.59,1186.04,260000,1,0,a424dcb809fd725c44dd976d9063febd4837d16a
01_quantizer_fair,agnews,SQ_4bit,L2,10,4,512,375.683,724.961,1820.47,206.847,1613.62,rerank_candidates,300,0.9457,736.064,1358.58,1358.72,1367.99,300000,1,0,a424dcb809fd725c44dd976d9063febd4837d16a
01_quantizer_fair,agnews,SQ_4bit,L2,10,4,512,375.683,724.961,1820.47,206.847,1613.62,rerank_candidates,340,0.9457,649.107,1540.58,1540.96,1550.82,340000,1,0,a424dcb809fd725c44dd976d9063febd4837d16a
01_quantizer_fair,agnews,SQ_4bit,L2,10,4,512,375.683,724.961,1820.47,206.847,1613.62,rerank_candidates,380,0.9457,579.905,1724.42,1724.16,1735.63,380000,1,0,a424dcb809fd725c44dd976d9063febd4837d16a
01_quantizer_fair,agnews,SQ_4bit,L2,10,4,512,375.683,724.961,1820.47,206.847,1613.62,rerank_candidates,420,0.9457,524.973,1904.86,1904.48,1919.84,420000,1,0,a424dcb809fd725c44dd976d9063febd4837d16a
01_quantizer_fair,agnews,SQ_4bit,L2,10,4,512,375.683,724.961,1820.47,206.847,1613.62,rerank_candidates,460,0.9457,478.395,2090.32,2086.18,2101.21,460000,1,0,a424dcb809fd725c44dd976d9063febd4837d16a
01_quantizer_fair,agnews,SQ_4bit,L2,10,4,512,375.683,724.961,1820.47,206.847,1613.62,rerank_candidates,1000,0.9457,220.68,4531.45,4528.8,4563.81,1e+06,1,0,a424dcb809fd725c44dd976d9063febd4837d16a
