method,search_width,recall_resident,recall_payload_on_ssd,latency_us_resident,latency_us_payload_on_ssd,io_requests_payload_on_ssd,sectors_4k_payload_on_ssd,bytes_read_payload_on_ssd
PQ_4bit,10,1.0,1.0,275.97323060035706,1069.1545903682709,10.0,12.0,49152.0
PQ_4bit,11,1.0,1.0,285.174697637558,1117.1512305736542,11.0,14.0,57344.0
PQ_4bit,12,1.0,1.0,298.4479069709778,1249.551773071289,12.0,15.0,61440.0
PQ_4bit,13,1.0,1.0,359.3079745769501,1378.387212753296,13.0,17.0,69632.0
PQ_4bit,14,1.0,1.0,375.2894699573517,1451.1868357658386,14.0,18.0,73728.0
PQ_4bit,15,1.0,1.0,391.5354609489441,1473.24800491333,15.0,19.0,77824.0
PQ_4bit,16,1.0,1.0,407.9192876815796,1573.0969607830048,16.0,20.0,81920.0
PQ_4bit,17,1.0,1.0,425.8193075656891,1645.8258032798767,17.0,21.0,86016.0
PQ_4bit,18,1.0,1.0,454.85422015190125,1727.025955915451,18.0,22.0,90112.0
PQ_4bit,19,1.0,1.0,457.5364291667938,1769.0286040306091,19.0,24.0,98304.0
PQ_4bit,20,1.0,1.0,474.86647963523865,1850.1728773117065,20.0,25.0,102400.0
PQ_4bit,21,1.0,1.0,485.2376878261566,1935.3479146957397,21.0,26.0,106496.0
PQ_4bit,22,1.0,1.0,505.13818860054016,2009.2017948627472,22.0,28.0,114688.0
PQ_4bit,23,1.0,1.0,487.2754216194153,2021.9460129737854,23.0,29.0,118784.0
PQ_4bit,24,1.0,1.0,501.8003284931183,2071.477472782135,24.0,30.0,122880.0
PQ_4bit,25,1.0,1.0,511.40785217285156,2149.447798728943,25.0,32.0,131072.0
PQ_4bit,26,1.0,1.0,548.4521389007568,7733.836770057678,26.0,33.0,135168.0
PQ_4bit,27,1.0,1.0,548.6682057380676,9798.657149076462,27.0,34.0,139264.0
PQ_4bit,28,1.0,1.0,620.8084523677826,7472.511380910873,28.0,35.0,143360.0
PQ_4bit,29,1.0,1.0,742.6217198371887,9029.194712638855,29.0,36.0,147456.0
PQ_4bit,30,1.0,1.0,846.0618555545807,8665.256202220917,30.0,37.0,151552.0
PQ_4bit,40,1.0,1.0,1061.4022612571716,9393.45732331276,39.0,47.0,192512.0
PQ_4bit,50,1.0,1.0,1279.2833149433136,5460.429936647415,48.0,58.0,237568.0
PQ_4bit,60,1.0,1.0,1477.7593314647675,9437.602013349533,58.0,68.0,278528.0
PQ_4bit,70,1.0,1.0,1714.654266834259,9217.910468578339,68.0,78.0,319488.0
PQ_4bit,80,1.0,1.0,1931.2873482704163,9029.306471347809,78.0,88.0,360448.0
PQ_4bit,90,1.0,1.0,2141.6842937469482,8781.541138887405,87.0,97.0,397312.0
PQ_4bit,100,1.0,1.0,2361.5024983882904,8821.297436952591,96.0,110.0,450560.0
PQ_4bit,140,1.0,1.0,3213.975578546524,14714.427292346954,135.0,152.0,622592.0
PQ_4bit,180,1.0,1.0,4059.8809719085693,15522.044152021408,171.0,192.0,786432.0
PQ_4bit,220,1.0,1.0,4907.257854938507,17039.280384778976,208.0,236.0,966656.0
PQ_4bit,260,1.0,1.0,4811.92022562027,20606.48426413536,246.0,284.0,1163264.0
PQ_4bit,300,1.0,1.0,5613.330751657486,21532.822400331497,284.0,327.0,1339392.0
PQ_4bit,340,1.0,1.0,5757.167935371399,23170.888423919678,320.0,368.0,1507328.0
PQ_4bit,380,1.0,1.0,5951.382219791412,28109.293431043625,357.0,414.0,1695744.0
PQ_4bit,420,1.0,1.0,6974.08989071846,34103.24454307556,394.0,458.0,1875968.0
PQ_4bit,460,1.0,1.0,7862.146943807602,34185.778349637985,431.0,502.0,2056192.0
PQ_4bit,500,1.0,1.0,8068.457245826721,36346.033215522766,468.0,549.0,2248704.0
PQ_4bit,540,1.0,1.0,8478.078991174698,46959.30331945419,503.0,592.0,2424832.0
PQ_4bit,580,1.0,1.0,9675.230830907822,45313.78298997879,538.0,634.0,2596864.0
SQ_4bit,10,1.0,1.0,257.71185755729675,974.263995885849,10.0,12.0,49152.0
SQ_4bit,11,1.0,1.0,215.15414118766785,1006.6106915473938,11.0,14.0,57344.0
SQ_4bit,12,1.0,1.0,218.22378039360046,1040.823757648468,12.0,15.0,61440.0
SQ_4bit,13,1.0,1.0,221.61006927490234,1076.5418410301208,13.0,17.0,69632.0
SQ_4bit,14,1.0,1.0,231.45973682403564,1125.197857618332,14.0,18.0,73728.0
SQ_4bit,15,1.0,1.0,251.10319256782532,1215.1673436164856,15.0,19.0,77824.0
SQ_4bit,16,1.0,1.0,246.7036247253418,1272.2574174404144,16.0,20.0,81920.0
SQ_4bit,17,1.0,1.0,255.2419900894165,1359.3100011348724,17.0,21.0,86016.0
SQ_4bit,18,1.0,1.0,261.57498359680176,1398.339867591858,18.0,22.0,90112.0
SQ_4bit,19,1.0,1.0,269.58808302879333,1495.320349931717,19.0,24.0,98304.0
SQ_4bit,20,1.0,1.0,275.31012892723083,1483.0417931079865,20.0,25.0,102400.0
SQ_4bit,21,1.0,1.0,278.83797883987427,1594.8936343193054,21.0,26.0,106496.0
SQ_4bit,22,1.0,1.0,293.35543513298035,1629.408448934555,22.0,28.0,114688.0
SQ_4bit,23,1.0,1.0,312.78282403945923,1699.0303993225098,23.0,29.0,118784.0
SQ_4bit,24,1.0,1.0,308.748334646225,1760.639250278473,24.0,30.0,122880.0
SQ_4bit,25,1.0,1.0,309.4598650932312,1722.5109040737152,25.0,32.0,131072.0
SQ_4bit,26,1.0,1.0,320.6767141819,4998.046904802322,26.0,33.0,135168.0
SQ_4bit,27,1.0,1.0,330.07562160491943,10219.220072031021,27.0,34.0,139264.0
SQ_4bit,28,1.0,1.0,338.03656697273254,5670.018494129181,28.0,35.0,143360.0
SQ_4bit,29,1.0,1.0,340.0780260562897,10197.583585977554,29.0,36.0,147456.0
SQ_4bit,30,1.0,1.0,354.70351576805115,5648.378282785416,30.0,37.0,151552.0
SQ_4bit,40,1.0,1.0,431.2172532081604,10229.721665382385,39.0,47.0,192512.0
SQ_4bit,50,1.0,1.0,516.8095231056213,3019.820898771286,48.0,58.0,237568.0
SQ_4bit,60,1.0,1.0,581.1825394630432,9061.794728040695,58.0,68.0,278528.0
SQ_4bit,70,1.0,1.0,736.769288778305,10101.109743118286,68.0,78.0,319488.0
SQ_4bit,80,1.0,1.0,783.8830351829529,4744.220525026321,78.0,88.0,360448.0
SQ_4bit,90,1.0,1.0,860.6873452663422,5024.608224630356,87.0,97.0,397312.0
SQ_4bit,100,1.0,1.0,936.0797703266144,5674.064159393311,96.0,110.0,450560.0
SQ_4bit,140,1.0,1.0,1270.0818479061127,7732.9762279987335,135.0,152.0,622592.0
SQ_4bit,180,1.0,1.0,1598.2910990715027,11184.677481651306,171.0,192.0,786432.0
SQ_4bit,220,1.0,1.0,1919.9103116989136,11409.040540456772,208.0,236.0,966656.0
SQ_4bit,260,1.0,1.0,2237.1336817741394,12863.08467388153,246.0,284.0,1163264.0
SQ_4bit,300,1.0,1.0,2555.452287197113,15014.640986919403,284.0,327.0,1339392.0
SQ_4bit,340,1.0,1.0,2869.080752134323,16798.336058855057,320.0,368.0,1507328.0
SQ_4bit,380,1.0,1.0,3171.1384654045105,18698.28999042511,357.0,414.0,1695744.0
SQ_4bit,420,1.0,1.0,3489.471971988678,20705.10759949684,394.0,458.0,1875968.0
SQ_4bit,460,1.0,1.0,3806.5165281295776,22271.73000574112,431.0,502.0,2056192.0
SQ_4bit,500,1.0,1.0,4111.524671316147,24100.70225596428,468.0,549.0,2248704.0
SQ_4bit,540,1.0,1.0,4439.9164617061615,26705.49228787422,503.0,592.0,2424832.0
SQ_4bit,580,1.0,1.0,4761.379212141037,28183.098882436752,538.0,634.0,2596864.0
SAQ_B4,10,1.0,1.0,187.4789595603943,848.6434817314148,10.0,12.0,49152.0
SAQ_B4,11,1.0,1.0,167.99941658973694,904.5787155628204,11.0,14.0,57344.0
SAQ_B4,12,0.9,0.9,173.14404249191284,926.4424443244934,12.0,15.0,61440.0
SAQ_B4,13,0.9,0.9,176.42229795455933,978.8945317268372,13.0,17.0,69632.0
SAQ_B4,14,0.9,0.9,180.1624894142151,1025.7624089717865,14.0,18.0,73728.0
SAQ_B4,15,0.9,0.9,185.12457609176636,1045.3909635543823,15.0,19.0,77824.0
SAQ_B4,16,0.9,0.9,189.60237503051758,1129.9587786197662,16.0,20.0,81920.0
SAQ_B4,17,0.9,0.9,196.7884600162506,1163.1771922111511,17.0,21.0,86016.0
SAQ_B4,18,0.9,0.9,200.55100321769714,1189.6602809429169,18.0,22.0,90112.0
SAQ_B4,19,0.9,0.9,207.21182227134705,1234.680414199829,19.0,24.0,98304.0
SAQ_B4,20,0.9,0.9,215.93645215034485,1339.3424451351166,20.0,25.0,102400.0
SAQ_B4,21,0.9,0.9,217.08011627197266,1417.268067598343,21.0,26.0,106496.0
SAQ_B4,22,0.9,0.9,227.11604833602905,1411.4715158939362,22.0,28.0,114688.0
SAQ_B4,23,0.9,0.9,226.4939248561859,1463.036984205246,23.0,29.0,118784.0
SAQ_B4,24,0.9,0.9,234.14567112922668,1486.2120151519775,24.0,30.0,122880.0
SAQ_B4,25,0.9,0.9,236.86140775680542,1543.9428389072418,25.0,32.0,131072.0
SAQ_B4,26,0.9,0.9,238.81718516349792,6622.921675443649,26.0,33.0,135168.0
SAQ_B4,27,0.9,0.9,251.22612714767456,10476.209223270416,27.0,34.0,139264.0
SAQ_B4,28,0.9,0.9,255.30904531478882,5516.063421964645,28.0,35.0,143360.0
SAQ_B4,29,0.9,0.9,258.09183716773987,10623.246431350708,29.0,36.0,147456.0
SAQ_B4,30,0.9,0.9,263.4376287460327,1766.8604850769043,30.0,37.0,151552.0
SAQ_B4,40,0.9,0.9,315.5320882797241,2191.1412477493286,39.0,47.0,192512.0
SAQ_B4,50,0.9,0.9,354.8450767993927,2581.6671550273895,48.0,58.0,237568.0
SAQ_B4,60,0.9,0.9,383.7905824184418,8126.51589512825,58.0,68.0,278528.0
SAQ_B4,70,0.9,0.9,473.659485578537,16056.537628173828,68.0,78.0,319488.0
SAQ_B4,80,0.9,0.9,529.2817950248718,3830.2987813949585,78.0,88.0,360448.0
SAQ_B4,90,0.9,0.9,590.0710821151733,4142.645746469498,87.0,97.0,397312.0
SAQ_B4,100,0.9,0.9,624.828040599823,4607.364535331726,96.0,110.0,450560.0
SAQ_B4,140,0.9,0.9,841.3270115852356,6522.383540868759,135.0,152.0,622592.0
SAQ_B4,180,0.9,0.9,1011.6510093212128,8274.566382169724,171.0,192.0,786432.0
SAQ_B4,220,0.9,0.9,1175.377517938614,9888.850152492523,208.0,236.0,966656.0
SAQ_B4,260,0.9,0.9,1283.254474401474,11459.913104772568,246.0,284.0,1163264.0
SAQ_B4,300,0.9,0.9,1503.1807124614716,13409.510254859924,284.0,327.0,1339392.0
SAQ_B4,340,0.9,0.9,1675.7138073444366,14988.824725151062,320.0,368.0,1507328.0
SAQ_B4,380,0.9,0.9,1836.7022275924683,16547.65009880066,357.0,414.0,1695744.0
SAQ_B4,420,0.9,0.9,2058.509737253189,18572.282046079636,394.0,458.0,1875968.0
SAQ_B4,460,0.9,0.9,2148.643136024475,20051.199942827225,431.0,502.0,2056192.0
SAQ_B4,500,0.9,0.9,2377.934753894806,26011.038571596146,468.0,549.0,2248704.0
SAQ_B4,540,0.9,0.9,2536.837011575699,23429.233580827713,503.0,592.0,2424832.0
SAQ_B4,580,0.9,0.9,2819.962799549103,27531.910687685013,538.0,634.0,2596864.0
Ours_RaBitQ_K1,10,1.0,1.0,546.2616682052612,1478.6534011363983,10.0,12.0,49152.0
Ours_RaBitQ_K1,11,0.9,0.9,530.7532846927643,1521.6097235679626,11.0,14.0,57344.0
Ours_RaBitQ_K1,12,0.9,0.9,526.0109901428223,1548.9570796489716,12.0,15.0,61440.0
Ours_RaBitQ_K1,13,0.8,0.8,537.920743227005,1600.8876264095306,13.0,17.0,69632.0
Ours_RaBitQ_K1,14,0.8,0.8,727.4225354194641,1792.5351858139038,14.0,18.0,73728.0
Ours_RaBitQ_K1,15,0.8,0.8,569.1573023796082,1918.0811941623688,15.0,19.0,77824.0
Ours_RaBitQ_K1,16,0.7,0.7,593.7591195106506,1893.9673900604248,16.0,20.0,81920.0
Ours_RaBitQ_K1,17,0.7,0.7,616.8410181999207,2007.1975886821747,17.0,21.0,86016.0
Ours_RaBitQ_K1,18,0.7,0.7,627.0594894886017,2118.84081363678,18.0,22.0,90112.0
Ours_RaBitQ_K1,19,0.7,0.7,642.1990692615509,2094.3358540534973,19.0,24.0,98304.0
Ours_RaBitQ_K1,20,0.6,0.6,763.9378309249878,2194.6951746940613,20.0,25.0,102400.0
Ours_RaBitQ_K1,21,0.6,0.6,717.4871861934662,2356.4696311950684,21.0,26.0,106496.0
Ours_RaBitQ_K1,22,0.6,0.6,690.8699870109558,2373.628318309784,22.0,28.0,114688.0
Ours_RaBitQ_K1,23,0.6,0.6,720.7319140434265,2478.417009115219,23.0,29.0,118784.0
Ours_RaBitQ_K1,24,0.5,0.5,741.9101893901825,2490.740269422531,24.0,30.0,122880.0
Ours_RaBitQ_K1,25,0.5,0.5,756.576657295227,2584.0215384960175,25.0,32.0,131072.0
Ours_RaBitQ_K1,26,0.5,0.5,882.0332586765289,7307.4400424957275,26.0,33.0,135168.0
Ours_RaBitQ_K1,27,0.5,0.5,822.8085935115814,10003.264993429184,27.0,34.0,139264.0
Ours_RaBitQ_K1,28,0.5,0.5,836.9944989681244,4981.614649295807,28.0,35.0,143360.0
Ours_RaBitQ_K1,29,0.5,0.5,789.1617715358734,9910.151362419128,29.0,36.0,147456.0
Ours_RaBitQ_K1,30,0.5,0.5,768.2032883167267,3019.0981924533844,30.0,37.0,151552.0
Ours_RaBitQ_K1,40,0.5,0.5,1044.93647813797,3898.356109857559,39.0,47.0,192512.0
Ours_RaBitQ_K1,50,0.5,0.5,1232.8475713729858,5889.073014259338,48.0,58.0,237568.0
Ours_RaBitQ_K1,60,0.5,0.5,1311.8274509906769,7519.904524087906,58.0,68.0,278528.0
Ours_RaBitQ_K1,70,0.5,0.5,1517.072319984436,9179.871529340744,68.0,78.0,319488.0
Ours_RaBitQ_K1,80,0.5,0.5,1676.1980950832367,6843.537092208862,78.0,88.0,360448.0
Ours_RaBitQ_K1,90,0.5,0.5,1840.781420469284,7275.152951478958,87.0,97.0,397312.0
Ours_RaBitQ_K1,100,0.5,0.5,1973.6066460609436,8127.789944410324,96.0,110.0,450560.0
Ours_RaBitQ_K1,140,0.5,0.5,2568.4311985969543,11140.450835227966,135.0,152.0,622592.0
Ours_RaBitQ_K1,180,0.5,0.5,3193.192183971405,13783.469796180725,171.0,192.0,786432.0
Ours_RaBitQ_K1,220,0.5,0.5,3915.4961705207825,16632.452607154846,208.0,236.0,966656.0
Ours_RaBitQ_K1,260,0.5,0.5,4384.934902191162,19211.232662200928,246.0,284.0,1163264.0
Ours_RaBitQ_K1,300,0.5,0.5,4937.097430229187,22458.981722593307,284.0,327.0,1339392.0
Ours_RaBitQ_K1,340,0.5,0.5,5647.178739309311,25614.4180893898,320.0,368.0,1507328.0
Ours_RaBitQ_K1,380,0.5,0.5,6056.86753988266,27712.874114513397,357.0,414.0,1695744.0
Ours_RaBitQ_K1,420,0.5,0.5,6678.43222618103,30811.116099357605,394.0,458.0,1875968.0
Ours_RaBitQ_K1,460,0.5,0.5,7104.70974445343,34006.208181381226,431.0,502.0,2056192.0
Ours_RaBitQ_K1,500,0.5,0.5,7831.48780465126,36507.71081447601,468.0,549.0,2248704.0
Ours_RaBitQ_K1,540,0.5,0.5,8388.776332139969,39168.64097118378,503.0,592.0,2424832.0
Ours_RaBitQ_K1,580,0.5,0.5,8948.609232902527,42587.35105395317,538.0,634.0,2596864.0
