suite,dataset,method,config_id,search_param,repeat_id,recall,qps,latency_mean_us,latency_p50_us,latency_p95_us,build_time_ms,index_size_mb,peak_rss_mb,query_count,k,metric,threads,git_commit,implementation,raw_log,notes,n_repeats
03_system_fair,gist,Glass-NSG,R64_L400,ef=10,median,0.443875,10042.102556858023,99.5807396247983,96.88548743724823,148.82143586874008,375710.6995731592,244.14064025878906,8275.171875,800,10,L2,64,not-a-git-repo,official pyglass 2.1.0 (NSG + SQ4U quantized search),/home/kai3/coco/quantization_graph/results/round2/gist/raw/03_system_fair/Glass-NSG/Glass-NSG.log,,1
03_system_fair,gist,Glass-NSG,R64_L400,ef=11,median,0.45675,10783.319596526535,92.73582138121128,90.13339877128601,137.81152665615082,375710.6995731592,244.14064025878906,8275.171875,800,10,L2,64,not-a-git-repo,official pyglass 2.1.0 (NSG + SQ4U quantized search),/home/kai3/coco/quantization_graph/results/round2/gist/raw/03_system_fair/Glass-NSG/Glass-NSG.log,,1
03_system_fair,gist,Glass-NSG,R64_L400,ef=12,median,0.47175,10481.85540649921,95.40295694023371,93.32410991191864,136.851891875267,375710.6995731592,244.14064025878906,8275.171875,800,10,L2,64,not-a-git-repo,official pyglass 2.1.0 (NSG + SQ4U quantized search),/home/kai3/coco/quantization_graph/results/round2/gist/raw/03_system_fair/Glass-NSG/Glass-NSG.log,,1
03_system_fair,gist,Glass-NSG,R64_L400,ef=13,median,0.484625,9957.84448561673,100.42333975434303,99.3628054857254,143.36314052343366,375710.6995731592,244.14064025878906,8275.171875,800,10,L2,64,not-a-git-repo,official pyglass 2.1.0 (NSG + SQ4U quantized search),/home/kai3/coco/quantization_graph/results/round2/gist/raw/03_system_fair/Glass-NSG/Glass-NSG.log,,1
03_system_fair,gist,Glass-NSG,R64_L400,ef=14,median,0.49875,9448.404118294833,105.83797935396433,104.39194738864899,149.70507472753522,375710.6995731592,244.14064025878906,8275.171875,800,10,L2,64,not-a-git-repo,official pyglass 2.1.0 (NSG + SQ4U quantized search),/home/kai3/coco/quantization_graph/results/round2/gist/raw/03_system_fair/Glass-NSG/Glass-NSG.log,,1
03_system_fair,gist,Glass-NSG,R64_L400,ef=15,median,0.508,9149.141073373901,109.29987765848637,107.4858009815216,153.38268131017685,375710.6995731592,244.14064025878906,8275.171875,800,10,L2,64,not-a-git-repo,official pyglass 2.1.0 (NSG + SQ4U quantized search),/home/kai3/coco/quantization_graph/results/round2/gist/raw/03_system_fair/Glass-NSG/Glass-NSG.log,,1
03_system_fair,gist,Glass-NSG,R64_L400,ef=16,median,0.521875,8760.175997865072,114.15295768529177,112.72914707660675,159.72480177879333,375710.6995731592,244.14064025878906,8275.171875,800,10,L2,64,not-a-git-repo,official pyglass 2.1.0 (NSG + SQ4U quantized search),/home/kai3/coco/quantization_graph/results/round2/gist/raw/03_system_fair/Glass-NSG/Glass-NSG.log,,1
03_system_fair,gist,Glass-NSG,R64_L400,ef=17,median,0.532875,8416.58162686413,118.81308164447546,117.18086898326874,169.2524179816246,375710.6995731592,244.14064025878906,8275.171875,800,10,L2,64,not-a-git-repo,official pyglass 2.1.0 (NSG + SQ4U quantized search),/home/kai3/coco/quantization_graph/results/round2/gist/raw/03_system_fair/Glass-NSG/Glass-NSG.log,,1
03_system_fair,gist,Glass-NSG,R64_L400,ef=18,median,0.542625,8106.04733854452,123.36468789726496,121.64004147052765,170.87347805500025,375710.6995731592,244.14064025878906,8275.171875,800,10,L2,64,not-a-git-repo,official pyglass 2.1.0 (NSG + SQ4U quantized search),/home/kai3/coco/quantization_graph/results/round2/gist/raw/03_system_fair/Glass-NSG/Glass-NSG.log,,1
03_system_fair,gist,Glass-NSG,R64_L400,ef=19,median,0.550125,7809.130552238645,128.0552288517356,125.45101344585419,180.60989677906036,375710.6995731592,244.14064025878906,8275.171875,800,10,L2,64,not-a-git-repo,official pyglass 2.1.0 (NSG + SQ4U quantized search),/home/kai3/coco/quantization_graph/results/round2/gist/raw/03_system_fair/Glass-NSG/Glass-NSG.log,,1
03_system_fair,gist,Glass-NSG,R64_L400,ef=20,median,0.559625,7549.039241663618,132.46718794107437,130.86386024951935,185.80704927444452,375710.6995731592,244.14064025878906,8275.171875,800,10,L2,64,not-a-git-repo,official pyglass 2.1.0 (NSG + SQ4U quantized search),/home/kai3/coco/quantization_graph/results/round2/gist/raw/03_system_fair/Glass-NSG/Glass-NSG.log,,1
03_system_fair,gist,Glass-NSG,R64_L400,ef=21,median,0.57025,7288.777586493757,137.1972169727087,134.96354222297668,191.32178276777267,375710.6995731592,244.14064025878906,8275.171875,800,10,L2,64,not-a-git-repo,official pyglass 2.1.0 (NSG + SQ4U quantized search),/home/kai3/coco/quantization_graph/results/round2/gist/raw/03_system_fair/Glass-NSG/Glass-NSG.log,,1
03_system_fair,gist,Glass-NSG,R64_L400,ef=22,median,0.5795,7037.541590221233,142.09507498890162,139.95543122291565,198.15620034933087,375710.6995731592,244.14064025878906,8275.171875,800,10,L2,64,not-a-git-repo,official pyglass 2.1.0 (NSG + SQ4U quantized search),/home/kai3/coco/quantization_graph/results/round2/gist/raw/03_system_fair/Glass-NSG/Glass-NSG.log,,1
03_system_fair,gist,Glass-NSG,R64_L400,ef=23,median,0.584375,6872.245434250175,145.51284722983837,145.2472060918808,201.8410712480545,375710.6995731592,244.14064025878906,8275.171875,800,10,L2,64,not-a-git-repo,official pyglass 2.1.0 (NSG + SQ4U quantized search),/home/kai3/coco/quantization_graph/results/round2/gist/raw/03_system_fair/Glass-NSG/Glass-NSG.log,,1
03_system_fair,gist,Glass-NSG,R64_L400,ef=24,median,0.592375,6638.491985277552,150.63662081956863,149.37110245227814,206.96539431810376,375710.6995731592,244.14064025878906,8275.171875,800,10,L2,64,not-a-git-repo,official pyglass 2.1.0 (NSG + SQ4U quantized search),/home/kai3/coco/quantization_graph/results/round2/gist/raw/03_system_fair/Glass-NSG/Glass-NSG.log,,1
03_system_fair,gist,Glass-NSG,R64_L400,ef=25,median,0.5985,6454.443881632022,154.93201557546854,154.27730977535248,211.8116244673729,375710.6995731592,244.14064025878906,8275.171875,800,10,L2,64,not-a-git-repo,official pyglass 2.1.0 (NSG + SQ4U quantized search),/home/kai3/coco/quantization_graph/results/round2/gist/raw/03_system_fair/Glass-NSG/Glass-NSG.log,,1
03_system_fair,gist,Glass-NSG,R64_L400,ef=26,median,0.605,6269.757800988402,159.49579421430826,158.54835510253906,218.98131817579267,375710.6995731592,244.14064025878906,8275.171875,800,10,L2,64,not-a-git-repo,official pyglass 2.1.0 (NSG + SQ4U quantized search),/home/kai3/coco/quantization_graph/results/round2/gist/raw/03_system_fair/Glass-NSG/Glass-NSG.log,,1
03_system_fair,gist,Glass-NSG,R64_L400,ef=27,median,0.610375,6102.169791815966,163.87613490223885,164.6578311920166,220.867246389389,375710.6995731592,244.14064025878906,8275.171875,800,10,L2,64,not-a-git-repo,official pyglass 2.1.0 (NSG + SQ4U quantized search),/home/kai3/coco/quantization_graph/results/round2/gist/raw/03_system_fair/Glass-NSG/Glass-NSG.log,,1
03_system_fair,gist,Glass-NSG,R64_L400,ef=28,median,0.615625,5959.591932879526,167.79672354459763,168.54144632816315,227.51688957214355,375710.6995731592,244.14064025878906,8275.171875,800,10,L2,64,not-a-git-repo,official pyglass 2.1.0 (NSG + SQ4U quantized search),/home/kai3/coco/quantization_graph/results/round2/gist/raw/03_system_fair/Glass-NSG/Glass-NSG.log,,1
03_system_fair,gist,Glass-NSG,R64_L400,ef=29,median,0.62175,5795.223361078115,172.55590297281742,171.93518579006195,234.48541760444638,375710.6995731592,244.14064025878906,8275.171875,800,10,L2,64,not-a-git-repo,official pyglass 2.1.0 (NSG + SQ4U quantized search),/home/kai3/coco/quantization_graph/results/round2/gist/raw/03_system_fair/Glass-NSG/Glass-NSG.log,,1
03_system_fair,gist,Glass-NSG,R64_L400,ef=30,median,0.626625,5638.090309268477,177.3650199174881,178.85491251945496,238.1250262260437,375710.6995731592,244.14064025878906,8275.171875,800,10,L2,64,not-a-git-repo,official pyglass 2.1.0 (NSG + SQ4U quantized search),/home/kai3/coco/quantization_graph/results/round2/gist/raw/03_system_fair/Glass-NSG/Glass-NSG.log,,1
03_system_fair,gist,Glass-NSG,R64_L400,ef=40,median,0.659875,4587.49869209897,217.98371337354183,221.1388200521469,289.41258788108826,375710.6995731592,244.14064025878906,8275.171875,800,10,L2,64,not-a-git-repo,official pyglass 2.1.0 (NSG + SQ4U quantized search),/home/kai3/coco/quantization_graph/results/round2/gist/raw/03_system_fair/Glass-NSG/Glass-NSG.log,,1
03_system_fair,gist,Glass-NSG,R64_L400,ef=50,median,0.6865,3889.1407481608344,257.12620466947556,261.65880262851715,339.49892967939377,375710.6995731592,244.14064025878906,8275.171875,800,10,L2,64,not-a-git-repo,official pyglass 2.1.0 (NSG + SQ4U quantized search),/home/kai3/coco/quantization_graph/results/round2/gist/raw/03_system_fair/Glass-NSG/Glass-NSG.log,,1
03_system_fair,gist,Glass-NSG,R64_L400,ef=60,median,0.707625,3373.6686542007287,296.413223259151,304.9522638320923,393.4115171432495,375710.6995731592,244.14064025878906,8275.171875,800,10,L2,64,not-a-git-repo,official pyglass 2.1.0 (NSG + SQ4U quantized search),/home/kai3/coco/quantization_graph/results/round2/gist/raw/03_system_fair/Glass-NSG/Glass-NSG.log,,1
03_system_fair,gist,Glass-NSG,R64_L400,ef=70,median,0.721,2988.384756486048,334.6289321780205,344.22241151332855,440.465472638607,375710.6995731592,244.14064025878906,8275.171875,800,10,L2,64,not-a-git-repo,official pyglass 2.1.0 (NSG + SQ4U quantized search),/home/kai3/coco/quantization_graph/results/round2/gist/raw/03_system_fair/Glass-NSG/Glass-NSG.log,,1
03_system_fair,gist,Glass-NSG,R64_L400,ef=80,median,0.731125,2694.199467953342,371.16776686161757,381.7472606897354,488.6886104941368,375710.6995731592,244.14064025878906,8275.171875,800,10,L2,64,not-a-git-repo,official pyglass 2.1.0 (NSG + SQ4U quantized search),/home/kai3/coco/quantization_graph/results/round2/gist/raw/03_system_fair/Glass-NSG/Glass-NSG.log,,1
03_system_fair,gist,Glass-NSG,R64_L400,ef=90,median,0.740875,2456.8460407507314,407.0259118452668,419.3354398012161,531.8265408277512,375710.6995731592,244.14064025878906,8275.171875,800,10,L2,64,not-a-git-repo,official pyglass 2.1.0 (NSG + SQ4U quantized search),/home/kai3/coco/quantization_graph/results/round2/gist/raw/03_system_fair/Glass-NSG/Glass-NSG.log,,1
03_system_fair,gist,Glass-NSG,R64_L400,ef=100,median,0.746625,2255.6313123167533,443.3348635211587,455.73338866233826,583.2809954881668,375710.6995731592,244.14064025878906,8275.171875,800,10,L2,64,not-a-git-repo,official pyglass 2.1.0 (NSG + SQ4U quantized search),/home/kai3/coco/quantization_graph/results/round2/gist/raw/03_system_fair/Glass-NSG/Glass-NSG.log,,1
03_system_fair,gist,Glass-NSG,R64_L400,ef=140,median,0.766,1702.7066518250303,587.300225161016,607.4905395507812,771.2448015809059,375710.6995731592,244.14064025878906,8275.171875,800,10,L2,64,not-a-git-repo,official pyglass 2.1.0 (NSG + SQ4U quantized search),/home/kai3/coco/quantization_graph/results/round2/gist/raw/03_system_fair/Glass-NSG/Glass-NSG.log,,1
03_system_fair,gist,Glass-NSG,R64_L400,ef=180,median,0.7735,1380.8684368623883,724.1819519549608,746.309757232666,951.237604022026,375710.6995731592,244.14064025878906,8275.171875,800,10,L2,64,not-a-git-repo,official pyglass 2.1.0 (NSG + SQ4U quantized search),/home/kai3/coco/quantization_graph/results/round2/gist/raw/03_system_fair/Glass-NSG/Glass-NSG.log,,1
03_system_fair,gist,Glass-NSG,R64_L400,ef=220,median,0.780625,1162.7166079026933,860.0548002868891,889.8433297872543,1138.4673416614532,375710.6995731592,244.14064025878906,8275.171875,800,10,L2,64,not-a-git-repo,official pyglass 2.1.0 (NSG + SQ4U quantized search),/home/kai3/coco/quantization_graph/results/round2/gist/raw/03_system_fair/Glass-NSG/Glass-NSG.log,,1
03_system_fair,gist,Glass-NSG,R64_L400,ef=260,median,0.783875,1005.2609500117395,994.7665827348828,1029.6870023012161,1315.45290350914,375710.6995731592,244.14064025878906,8275.171875,800,10,L2,64,not-a-git-repo,official pyglass 2.1.0 (NSG + SQ4U quantized search),/home/kai3/coco/quantization_graph/results/round2/gist/raw/03_system_fair/Glass-NSG/Glass-NSG.log,,1
03_system_fair,gist,Glass-NSG,R64_L400,ef=300,median,0.787875,888.2110516043549,1125.858542509377,1164.112240076065,1498.1379732489586,375710.6995731592,244.14064025878906,8275.171875,800,10,L2,64,not-a-git-repo,official pyglass 2.1.0 (NSG + SQ4U quantized search),/home/kai3/coco/quantization_graph/results/round2/gist/raw/03_system_fair/Glass-NSG/Glass-NSG.log,,1
03_system_fair,gist,Glass-NSG,R64_L400,ef=340,median,0.790625,802.8605156607296,1245.54636888206,1295.6466525793076,1663.03813457489,375710.6995731592,244.14064025878906,8275.171875,800,10,L2,64,not-a-git-repo,official pyglass 2.1.0 (NSG + SQ4U quantized search),/home/kai3/coco/quantization_graph/results/round2/gist/raw/03_system_fair/Glass-NSG/Glass-NSG.log,,1
03_system_fair,gist,Glass-NSG,R64_L400,ef=380,median,0.7915,730.3457067988425,1369.2145934328437,1426.3186603784561,1818.5243010520935,375710.6995731592,244.14064025878906,8275.171875,800,10,L2,64,not-a-git-repo,official pyglass 2.1.0 (NSG + SQ4U quantized search),/home/kai3/coco/quantization_graph/results/round2/gist/raw/03_system_fair/Glass-NSG/Glass-NSG.log,,1
03_system_fair,gist,Glass-NSG,R64_L400,ef=420,median,0.792625,670.4019263567726,1491.6424918919802,1550.1920133829117,1996.6879859566689,375710.6995731592,244.14064025878906,8275.171875,800,10,L2,64,not-a-git-repo,official pyglass 2.1.0 (NSG + SQ4U quantized search),/home/kai3/coco/quantization_graph/results/round2/gist/raw/03_system_fair/Glass-NSG/Glass-NSG.log,,1
03_system_fair,gist,Glass-NSG,R64_L400,ef=460,median,0.793625,619.2724926874536,1614.7980280220509,1681.111752986908,2146.0155025124545,375710.6995731592,244.14064025878906,8275.171875,800,10,L2,64,not-a-git-repo,official pyglass 2.1.0 (NSG + SQ4U quantized search),/home/kai3/coco/quantization_graph/results/round2/gist/raw/03_system_fair/Glass-NSG/Glass-NSG.log,,1
03_system_fair,gist,Glass-NSG,R64_L400,ef=500,median,0.7945,577.4214180805244,1731.8373871967196,1803.5639077425003,2309.2346265912056,375710.6995731592,244.14064025878906,8275.171875,800,10,L2,64,not-a-git-repo,official pyglass 2.1.0 (NSG + SQ4U quantized search),/home/kai3/coco/quantization_graph/results/round2/gist/raw/03_system_fair/Glass-NSG/Glass-NSG.log,,1
03_system_fair,gist,Glass-NSG,R64_L400,ef=540,median,0.795625,540.5773957800443,1849.8738715425134,1924.285665154457,2462.3533710837364,375710.6995731592,244.14064025878906,8275.171875,800,10,L2,64,not-a-git-repo,official pyglass 2.1.0 (NSG + SQ4U quantized search),/home/kai3/coco/quantization_graph/results/round2/gist/raw/03_system_fair/Glass-NSG/Glass-NSG.log,,1
03_system_fair,gist,Glass-NSG,R64_L400,ef=580,median,0.795875,509.20980053107894,1963.8270884752274,2043.6104387044907,2612.7638295292854,375710.6995731592,244.14064025878906,8275.171875,800,10,L2,64,not-a-git-repo,official pyglass 2.1.0 (NSG + SQ4U quantized search),/home/kai3/coco/quantization_graph/results/round2/gist/raw/03_system_fair/Glass-NSG/Glass-NSG.log,,1
03_system_fair,gist,OG-LVQ,LVQ4_R64_W400,W=10,median,0.592625,6718.502242197921,148.84269796311855,145.14289796352386,203.79107445478436,300327.52553373575,744.8277759552002,786.78515625,800,10,L2,64,not-a-git-repo,official Intel SVS python bindings (Vamana + LVQ),/home/kai3/coco/quantization_graph/results/round2/gist/raw/03_system_fair/OG-LVQ/OG-LVQ.log,,1
03_system_fair,gist,OG-LVQ,LVQ4_R64_W400,W=11,median,0.611375,6509.016179036862,153.63304875791073,150.2055674791336,202.57905125617975,300327.52553373575,744.8277759552002,786.78515625,800,10,L2,64,not-a-git-repo,official Intel SVS python bindings (Vamana + LVQ),/home/kai3/coco/quantization_graph/results/round2/gist/raw/03_system_fair/OG-LVQ/OG-LVQ.log,,1
03_system_fair,gist,OG-LVQ,LVQ4_R64_W400,W=12,median,0.628375,6165.53287850351,162.19198238104582,158.1106334924698,209.81654524803162,300327.52553373575,744.8277759552002,786.78515625,800,10,L2,64,not-a-git-repo,official Intel SVS python bindings (Vamana + LVQ),/home/kai3/coco/quantization_graph/results/round2/gist/raw/03_system_fair/OG-LVQ/OG-LVQ.log,,1
03_system_fair,gist,OG-LVQ,LVQ4_R64_W400,W=13,median,0.64575,5849.99540850182,170.94030510634184,166.72536730766296,220.00260651111597,300327.52553373575,744.8277759552002,786.78515625,800,10,L2,64,not-a-git-repo,official Intel SVS python bindings (Vamana + LVQ),/home/kai3/coco/quantization_graph/results/round2/gist/raw/03_system_fair/OG-LVQ/OG-LVQ.log,,1
03_system_fair,gist,OG-LVQ,LVQ4_R64_W400,W=14,median,0.66125,5571.489179462964,179.48522698134184,174.93963241577148,230.45036941766736,300327.52553373575,744.8277759552002,786.78515625,800,10,L2,64,not-a-git-repo,official Intel SVS python bindings (Vamana + LVQ),/home/kai3/coco/quantization_graph/results/round2/gist/raw/03_system_fair/OG-LVQ/OG-LVQ.log,,1
03_system_fair,gist,OG-LVQ,LVQ4_R64_W400,W=15,median,0.676125,5298.894463305252,188.71861044317484,183.84866416454315,243.02694946527478,300327.52553373575,744.8277759552002,786.78515625,800,10,L2,64,not-a-git-repo,official Intel SVS python bindings (Vamana + LVQ),/home/kai3/coco/quantization_graph/results/round2/gist/raw/03_system_fair/OG-LVQ/OG-LVQ.log,,1
03_system_fair,gist,OG-LVQ,LVQ4_R64_W400,W=16,median,0.690625,5057.785546846756,197.71498627960682,192.92719662189484,257.5039863586426,300327.52553373575,744.8277759552002,786.78515625,800,10,L2,64,not-a-git-repo,official Intel SVS python bindings (Vamana + LVQ),/home/kai3/coco/quantization_graph/results/round2/gist/raw/03_system_fair/OG-LVQ/OG-LVQ.log,,1
03_system_fair,gist,OG-LVQ,LVQ4_R64_W400,W=17,median,0.699,4866.755266838121,205.47571126371622,199.7128129005432,263.22286576032633,300327.52553373575,744.8277759552002,786.78515625,800,10,L2,64,not-a-git-repo,official Intel SVS python bindings (Vamana + LVQ),/home/kai3/coco/quantization_graph/results/round2/gist/raw/03_system_fair/OG-LVQ/OG-LVQ.log,,1
03_system_fair,gist,OG-LVQ,LVQ4_R64_W400,W=18,median,0.71025,4638.22638229,215.59965331107378,210.44909954071045,275.40978044271463,300327.52553373575,744.8277759552002,787.2578125,800,10,L2,64,not-a-git-repo,official Intel SVS python bindings (Vamana + LVQ),/home/kai3/coco/quantization_graph/results/round2/gist/raw/03_system_fair/OG-LVQ/OG-LVQ.log,,1
03_system_fair,gist,OG-LVQ,LVQ4_R64_W400,W=19,median,0.719875,4485.631390794023,222.9340560734272,217.29432046413422,280.53130954504013,300327.52553373575,744.8277759552002,787.2578125,800,10,L2,64,not-a-git-repo,official Intel SVS python bindings (Vamana + LVQ),/home/kai3/coco/quantization_graph/results/round2/gist/raw/03_system_fair/OG-LVQ/OG-LVQ.log,,1
03_system_fair,gist,OG-LVQ,LVQ4_R64_W400,W=20,median,0.727,4333.29625469798,230.77120538800955,225.51417350769043,288.698635995388,300327.52553373575,744.8277759552002,787.2578125,800,10,L2,64,not-a-git-repo,official Intel SVS python bindings (Vamana + LVQ),/home/kai3/coco/quantization_graph/results/round2/gist/raw/03_system_fair/OG-LVQ/OG-LVQ.log,,1
03_system_fair,gist,OG-LVQ,LVQ4_R64_W400,W=21,median,0.73625,4177.194797527346,239.3951080739498,235.19806563854218,291.82042926549906,300327.52553373575,744.8277759552002,787.2578125,800,10,L2,64,not-a-git-repo,official Intel SVS python bindings (Vamana + LVQ),/home/kai3/coco/quantization_graph/results/round2/gist/raw/03_system_fair/OG-LVQ/OG-LVQ.log,,1
03_system_fair,gist,OG-LVQ,LVQ4_R64_W400,W=22,median,0.742625,4044.1365223505636,247.27157317101955,242.75295436382294,304.98728156089777,300327.52553373575,744.8277759552002,787.2578125,800,10,L2,64,not-a-git-repo,official Intel SVS python bindings (Vamana + LVQ),/home/kai3/coco/quantization_graph/results/round2/gist/raw/03_system_fair/OG-LVQ/OG-LVQ.log,,1
03_system_fair,gist,OG-LVQ,LVQ4_R64_W400,W=23,median,0.750625,3886.0419043549045,257.3312446475029,252.09784507751465,319.2728385329246,300327.52553373575,744.8277759552002,787.2578125,800,10,L2,64,not-a-git-repo,official Intel SVS python bindings (Vamana + LVQ),/home/kai3/coco/quantization_graph/results/round2/gist/raw/03_system_fair/OG-LVQ/OG-LVQ.log,,1
03_system_fair,gist,OG-LVQ,LVQ4_R64_W400,W=24,median,0.754875,3784.1514302236546,264.2600378021598,260.0084990262985,322.0820799469948,300327.52553373575,744.8277759552002,787.2578125,800,10,L2,64,not-a-git-repo,official Intel SVS python bindings (Vamana + LVQ),/home/kai3/coco/quantization_graph/results/round2/gist/raw/03_system_fair/OG-LVQ/OG-LVQ.log,,1
03_system_fair,gist,OG-LVQ,LVQ4_R64_W400,W=25,median,0.760625,3671.0489575329652,272.40170631557703,268.07375252246857,334.8331898450851,300327.52553373575,744.8277759552002,787.2578125,800,10,L2,64,not-a-git-repo,official Intel SVS python bindings (Vamana + LVQ),/home/kai3/coco/quantization_graph/results/round2/gist/raw/03_system_fair/OG-LVQ/OG-LVQ.log,,1
03_system_fair,gist,OG-LVQ,LVQ4_R64_W400,W=26,median,0.767125,3558.4935674291446,281.0177905485034,276.9455313682556,343.2070836424827,300327.52553373575,744.8277759552002,787.2578125,800,10,L2,64,not-a-git-repo,official Intel SVS python bindings (Vamana + LVQ),/home/kai3/coco/quantization_graph/results/round2/gist/raw/03_system_fair/OG-LVQ/OG-LVQ.log,,1
03_system_fair,gist,OG-LVQ,LVQ4_R64_W400,W=27,median,0.77375,3258.949672055354,306.8473283201456,293.66277158260345,377.5730729103087,300327.52553373575,744.8277759552002,787.2578125,800,10,L2,64,not-a-git-repo,official Intel SVS python bindings (Vamana + LVQ),/home/kai3/coco/quantization_graph/results/round2/gist/raw/03_system_fair/OG-LVQ/OG-LVQ.log,,1
03_system_fair,gist,OG-LVQ,LVQ4_R64_W400,W=28,median,0.7785,3162.789442173511,316.17659609764814,311.73788011074066,380.5592656135558,300327.52553373575,744.8277759552002,787.2578125,800,10,L2,64,not-a-git-repo,official Intel SVS python bindings (Vamana + LVQ),/home/kai3/coco/quantization_graph/results/round2/gist/raw/03_system_fair/OG-LVQ/OG-LVQ.log,,1
03_system_fair,gist,OG-LVQ,LVQ4_R64_W400,W=29,median,0.78425,3255.9937053846816,307.1259008720517,302.8176724910736,362.635962665081,300327.52553373575,744.8277759552002,787.2578125,800,10,L2,64,not-a-git-repo,official Intel SVS python bindings (Vamana + LVQ),/home/kai3/coco/quantization_graph/results/round2/gist/raw/03_system_fair/OG-LVQ/OG-LVQ.log,,1
03_system_fair,gist,OG-LVQ,LVQ4_R64_W400,W=30,median,0.788625,3178.9899833000723,314.5653195679188,310.1043403148651,372.35207855701447,300327.52553373575,744.8277759552002,787.2578125,800,10,L2,64,not-a-git-repo,official Intel SVS python bindings (Vamana + LVQ),/home/kai3/coco/quantization_graph/results/round2/gist/raw/03_system_fair/OG-LVQ/OG-LVQ.log,,1
03_system_fair,gist,OG-LVQ,LVQ4_R64_W400,W=40,median,0.82075,1926.9085045730217,518.9660005271435,421.70658707618713,1174.0151792764655,300327.52553373575,744.8277759552002,787.2578125,800,10,L2,64,not-a-git-repo,official Intel SVS python bindings (Vamana + LVQ),/home/kai3/coco/quantization_graph/results/round2/gist/raw/03_system_fair/OG-LVQ/OG-LVQ.log,,1
03_system_fair,gist,OG-LVQ,LVQ4_R64_W400,W=50,median,0.83925,2048.8440391155023,488.0800982937217,485.79834401607513,541.0026758909224,300327.52553373575,744.8277759552002,787.2578125,800,10,L2,64,not-a-git-repo,official Intel SVS python bindings (Vamana + LVQ),/home/kai3/coco/quantization_graph/results/round2/gist/raw/03_system_fair/OG-LVQ/OG-LVQ.log,,1
03_system_fair,gist,OG-LVQ,LVQ4_R64_W400,W=60,median,0.855375,1759.3524616068069,568.3909403160214,568.7270313501358,621.7379122972488,300327.52553373575,744.8277759552002,787.2578125,800,10,L2,64,not-a-git-repo,official Intel SVS python bindings (Vamana + LVQ),/home/kai3/coco/quantization_graph/results/round2/gist/raw/03_system_fair/OG-LVQ/OG-LVQ.log,,1
03_system_fair,gist,OG-LVQ,LVQ4_R64_W400,W=70,median,0.866,1320.5484461782908,757.261123508215,670.1033562421799,1346.9172641634937,300327.52553373575,744.8277759552002,787.2578125,800,10,L2,64,not-a-git-repo,official Intel SVS python bindings (Vamana + LVQ),/home/kai3/coco/quantization_graph/results/round2/gist/raw/03_system_fair/OG-LVQ/OG-LVQ.log,,1
03_system_fair,gist,OG-LVQ,LVQ4_R64_W400,W=80,median,0.875375,1355.2870991684217,737.8510432317853,740.0307804346085,791.9933646917342,300327.52553373575,744.8277759552002,787.2578125,800,10,L2,64,not-a-git-repo,official Intel SVS python bindings (Vamana + LVQ),/home/kai3/coco/quantization_graph/results/round2/gist/raw/03_system_fair/OG-LVQ/OG-LVQ.log,,1
03_system_fair,gist,OG-LVQ,LVQ4_R64_W400,W=90,median,0.88025,1214.6104010049664,823.3092678710818,828.1134068965912,875.4728361964226,300327.52553373575,744.8277759552002,787.2578125,800,10,L2,64,not-a-git-repo,official Intel SVS python bindings (Vamana + LVQ),/home/kai3/coco/quantization_graph/results/round2/gist/raw/03_system_fair/OG-LVQ/OG-LVQ.log,,1
03_system_fair,gist,OG-LVQ,LVQ4_R64_W400,W=100,median,0.885,1097.5679946633513,911.1052844673395,916.067510843277,966.6521102190018,300327.52553373575,744.8277759552002,787.2578125,800,10,L2,64,not-a-git-repo,official Intel SVS python bindings (Vamana + LVQ),/home/kai3/coco/quantization_graph/results/round2/gist/raw/03_system_fair/OG-LVQ/OG-LVQ.log,,1
03_system_fair,gist,OG-LVQ,LVQ4_R64_W400,W=140,median,0.895375,790.8870439341374,1264.403061941266,1272.3114341497421,1326.3534754514694,300327.52553373575,744.8277759552002,787.2578125,800,10,L2,64,not-a-git-repo,official Intel SVS python bindings (Vamana + LVQ),/home/kai3/coco/quantization_graph/results/round2/gist/raw/03_system_fair/OG-LVQ/OG-LVQ.log,,1
03_system_fair,gist,OG-LVQ,LVQ4_R64_W400,W=180,median,0.90025,620.749965207386,1610.9545808285475,1622.4589198827744,1681.7066818475723,300327.52553373575,744.8277759552002,787.2578125,800,10,L2,64,not-a-git-repo,official Intel SVS python bindings (Vamana + LVQ),/home/kai3/coco/quantization_graph/results/round2/gist/raw/03_system_fair/OG-LVQ/OG-LVQ.log,,1
03_system_fair,gist,OG-LVQ,LVQ4_R64_W400,W=220,median,0.901875,501.4741825616103,1994.1206043586135,2003.7516951560974,2102.012559771538,300327.52553373575,744.8277759552002,787.2578125,800,10,L2,64,not-a-git-repo,official Intel SVS python bindings (Vamana + LVQ),/home/kai3/coco/quantization_graph/results/round2/gist/raw/03_system_fair/OG-LVQ/OG-LVQ.log,,1
03_system_fair,gist,OG-LVQ,LVQ4_R64_W400,W=260,median,0.903375,391.6053528065226,2553.5912439227104,2397.2205817699432,3428.6420792341214,300327.52553373575,744.8277759552002,787.2578125,800,10,L2,64,not-a-git-repo,official Intel SVS python bindings (Vamana + LVQ),/home/kai3/coco/quantization_graph/results/round2/gist/raw/03_system_fair/OG-LVQ/OG-LVQ.log,,1
03_system_fair,gist,OG-LVQ,LVQ4_R64_W400,W=300,median,0.903625,365.1110995631036,2738.892356865108,2713.065594434738,2855.6963428854942,300327.52553373575,744.8277759552002,787.2578125,800,10,L2,64,not-a-git-repo,official Intel SVS python bindings (Vamana + LVQ),/home/kai3/coco/quantization_graph/results/round2/gist/raw/03_system_fair/OG-LVQ/OG-LVQ.log,,1
03_system_fair,gist,OG-LVQ,LVQ4_R64_W400,W=340,median,0.904625,309.456976484271,3231.466975994408,3123.3392655849457,3417.9687499999986,300327.52553373575,744.8277759552002,787.2578125,800,10,L2,64,not-a-git-repo,official Intel SVS python bindings (Vamana + LVQ),/home/kai3/coco/quantization_graph/results/round2/gist/raw/03_system_fair/OG-LVQ/OG-LVQ.log,,1
03_system_fair,gist,OG-LVQ,LVQ4_R64_W400,W=380,median,0.90475,283.470622666279,3527.702414430678,3441.4250403642654,3693.0974572896953,300327.52553373575,744.8277759552002,787.2578125,800,10,L2,64,not-a-git-repo,official Intel SVS python bindings (Vamana + LVQ),/home/kai3/coco/quantization_graph/results/round2/gist/raw/03_system_fair/OG-LVQ/OG-LVQ.log,,1
03_system_fair,gist,OG-LVQ,LVQ4_R64_W400,W=420,median,0.905125,262.09215681485034,3815.451832488179,3819.1378116607666,4078.7164121866226,300327.52553373575,744.8277759552002,787.2578125,800,10,L2,64,not-a-git-repo,official Intel SVS python bindings (Vamana + LVQ),/home/kai3/coco/quantization_graph/results/round2/gist/raw/03_system_fair/OG-LVQ/OG-LVQ.log,,1
03_system_fair,gist,OG-LVQ,LVQ4_R64_W400,W=460,median,0.90525,230.87722766801213,4331.306340172887,4238.314926624298,4523.070901632308,300327.52553373575,744.8277759552002,787.2578125,800,10,L2,64,not-a-git-repo,official Intel SVS python bindings (Vamana + LVQ),/home/kai3/coco/quantization_graph/results/round2/gist/raw/03_system_fair/OG-LVQ/OG-LVQ.log,,1
03_system_fair,gist,OG-LVQ,LVQ4_R64_W400,W=500,median,0.905375,215.14206509773592,4648.09148106724,4569.174721837044,4786.429926753043,300327.52553373575,744.8277759552002,787.2578125,800,10,L2,64,not-a-git-repo,official Intel SVS python bindings (Vamana + LVQ),/home/kai3/coco/quantization_graph/results/round2/gist/raw/03_system_fair/OG-LVQ/OG-LVQ.log,,1
03_system_fair,gist,OG-LVQ,LVQ4_R64_W400,W=540,median,0.9055,200.73165267574464,4981.77535366267,4976.032301783562,5300.380289554596,300327.52553373575,744.8277759552002,787.2578125,800,10,L2,64,not-a-git-repo,official Intel SVS python bindings (Vamana + LVQ),/home/kai3/coco/quantization_graph/results/round2/gist/raw/03_system_fair/OG-LVQ/OG-LVQ.log,,1
03_system_fair,gist,OG-LVQ,LVQ4_R64_W400,W=580,median,0.905625,180.7400326913951,5532.808559946716,5343.900993466377,6202.521175146101,300327.52553373575,744.8277759552002,787.2578125,800,10,L2,64,not-a-git-repo,official Intel SVS python bindings (Vamana + LVQ),/home/kai3/coco/quantization_graph/results/round2/gist/raw/03_system_fair/OG-LVQ/OG-LVQ.log,,1
03_system_fair,gist,Ours,OursDiskANN_M64,L_search=10,median,0.620875,3695.757346,270.152009,0.0,353.333,151988.430029,1452.032345,8559.832031,800,10,L2,1,not-a-git-repo,"Ours-DiskANN (DiskANN3 + ExRaBitQ4 symmetric Vamana, paper-prune, DB=1-bit/INT8-query coarse gate, residual4 rerank); M=32 and M=64 configs, centroid_count K=1",/home/kai3/coco/quantization_graph/results/03_system_fair/gist/logs/Ours/Ours.log,,1
03_system_fair,gist,Ours,OursDiskANN_M64,L_search=11,median,0.645,3746.455689,266.53832,0.0,353.718,151988.430029,1452.032345,8559.832031,800,10,L2,1,not-a-git-repo,"Ours-DiskANN (DiskANN3 + ExRaBitQ4 symmetric Vamana, paper-prune, DB=1-bit/INT8-query coarse gate, residual4 rerank); M=32 and M=64 configs, centroid_count K=1",/home/kai3/coco/quantization_graph/results/03_system_fair/gist/logs/Ours/Ours.log,,1
03_system_fair,gist,Ours,OursDiskANN_M64,L_search=12,median,0.66875,3563.567088,280.223554,0.0,376.727,151988.430029,1452.032345,8559.832031,800,10,L2,1,not-a-git-repo,"Ours-DiskANN (DiskANN3 + ExRaBitQ4 symmetric Vamana, paper-prune, DB=1-bit/INT8-query coarse gate, residual4 rerank); M=32 and M=64 configs, centroid_count K=1",/home/kai3/coco/quantization_graph/results/03_system_fair/gist/logs/Ours/Ours.log,,1
03_system_fair,gist,Ours,OursDiskANN_M64,L_search=13,median,0.687375,3377.88944,295.6407,0.0,391.232,151988.430029,1452.032345,8559.832031,800,10,L2,1,not-a-git-repo,"Ours-DiskANN (DiskANN3 + ExRaBitQ4 symmetric Vamana, paper-prune, DB=1-bit/INT8-query coarse gate, residual4 rerank); M=32 and M=64 configs, centroid_count K=1",/home/kai3/coco/quantization_graph/results/03_system_fair/gist/logs/Ours/Ours.log,,1
03_system_fair,gist,Ours,OursDiskANN_M64,L_search=14,median,0.70225,3265.371217,305.844545,0.0,403.519,151988.430029,1452.032345,8559.832031,800,10,L2,1,not-a-git-repo,"Ours-DiskANN (DiskANN3 + ExRaBitQ4 symmetric Vamana, paper-prune, DB=1-bit/INT8-query coarse gate, residual4 rerank); M=32 and M=64 configs, centroid_count K=1",/home/kai3/coco/quantization_graph/results/03_system_fair/gist/logs/Ours/Ours.log,,1
03_system_fair,gist,Ours,OursDiskANN_M64,L_search=15,median,0.71275,3153.62143,316.691684,0.0,417.209,151988.430029,1452.032345,8559.832031,800,10,L2,1,not-a-git-repo,"Ours-DiskANN (DiskANN3 + ExRaBitQ4 symmetric Vamana, paper-prune, DB=1-bit/INT8-query coarse gate, residual4 rerank); M=32 and M=64 configs, centroid_count K=1",/home/kai3/coco/quantization_graph/results/03_system_fair/gist/logs/Ours/Ours.log,,1
03_system_fair,gist,Ours,OursDiskANN_M64,L_search=16,median,0.7275,3020.161534,330.692635,0.0,439.549,151988.430029,1452.032345,8559.832031,800,10,L2,1,not-a-git-repo,"Ours-DiskANN (DiskANN3 + ExRaBitQ4 symmetric Vamana, paper-prune, DB=1-bit/INT8-query coarse gate, residual4 rerank); M=32 and M=64 configs, centroid_count K=1",/home/kai3/coco/quantization_graph/results/03_system_fair/gist/logs/Ours/Ours.log,,1
03_system_fair,gist,Ours,OursDiskANN_M64,L_search=17,median,0.7395,2934.962077,340.295124,0.0,450.59,151988.430029,1452.032345,8559.832031,800,10,L2,1,not-a-git-repo,"Ours-DiskANN (DiskANN3 + ExRaBitQ4 symmetric Vamana, paper-prune, DB=1-bit/INT8-query coarse gate, residual4 rerank); M=32 and M=64 configs, centroid_count K=1",/home/kai3/coco/quantization_graph/results/03_system_fair/gist/logs/Ours/Ours.log,,1
03_system_fair,gist,Ours,OursDiskANN_M64,L_search=18,median,0.7485,2698.441881,370.163336,0.0,467.241,151988.430029,1452.032345,8559.832031,800,10,L2,1,not-a-git-repo,"Ours-DiskANN (DiskANN3 + ExRaBitQ4 symmetric Vamana, paper-prune, DB=1-bit/INT8-query coarse gate, residual4 rerank); M=32 and M=64 configs, centroid_count K=1",/home/kai3/coco/quantization_graph/results/03_system_fair/gist/logs/Ours/Ours.log,,1
03_system_fair,gist,Ours,OursDiskANN_M64,L_search=19,median,0.75775,2740.260913,364.516988,0.0,483.488,151988.430029,1452.032345,8559.832031,800,10,L2,1,not-a-git-repo,"Ours-DiskANN (DiskANN3 + ExRaBitQ4 symmetric Vamana, paper-prune, DB=1-bit/INT8-query coarse gate, residual4 rerank); M=32 and M=64 configs, centroid_count K=1",/home/kai3/coco/quantization_graph/results/03_system_fair/gist/logs/Ours/Ours.log,,1
03_system_fair,gist,Ours,OursDiskANN_M64,L_search=20,median,0.768125,2650.688256,376.831006,0.0,494.721,151988.430029,1452.032345,8559.832031,800,10,L2,1,not-a-git-repo,"Ours-DiskANN (DiskANN3 + ExRaBitQ4 symmetric Vamana, paper-prune, DB=1-bit/INT8-query coarse gate, residual4 rerank); M=32 and M=64 configs, centroid_count K=1",/home/kai3/coco/quantization_graph/results/03_system_fair/gist/logs/Ours/Ours.log,,1
03_system_fair,gist,Ours,OursDiskANN_M64,L_search=21,median,0.77525,2591.814956,385.392491,0.0,502.561,151988.430029,1452.032345,8559.832031,800,10,L2,1,not-a-git-repo,"Ours-DiskANN (DiskANN3 + ExRaBitQ4 symmetric Vamana, paper-prune, DB=1-bit/INT8-query coarse gate, residual4 rerank); M=32 and M=64 configs, centroid_count K=1",/home/kai3/coco/quantization_graph/results/03_system_fair/gist/logs/Ours/Ours.log,,1
03_system_fair,gist,Ours,OursDiskANN_M64,L_search=22,median,0.783125,2405.157789,415.332643,0.0,515.461,151988.430029,1452.032345,8559.832031,800,10,L2,1,not-a-git-repo,"Ours-DiskANN (DiskANN3 + ExRaBitQ4 symmetric Vamana, paper-prune, DB=1-bit/INT8-query coarse gate, residual4 rerank); M=32 and M=64 configs, centroid_count K=1",/home/kai3/coco/quantization_graph/results/03_system_fair/gist/logs/Ours/Ours.log,,1
03_system_fair,gist,Ours,OursDiskANN_M64,L_search=23,median,0.7915,2437.394227,409.819109,0.0,526.925,151988.430029,1452.032345,8559.832031,800,10,L2,1,not-a-git-repo,"Ours-DiskANN (DiskANN3 + ExRaBitQ4 symmetric Vamana, paper-prune, DB=1-bit/INT8-query coarse gate, residual4 rerank); M=32 and M=64 configs, centroid_count K=1",/home/kai3/coco/quantization_graph/results/03_system_fair/gist/logs/Ours/Ours.log,,1
03_system_fair,gist,Ours,OursDiskANN_M64,L_search=24,median,0.797875,2383.315424,419.123754,0.0,543.081,151988.430029,1452.032345,8559.832031,800,10,L2,1,not-a-git-repo,"Ours-DiskANN (DiskANN3 + ExRaBitQ4 symmetric Vamana, paper-prune, DB=1-bit/INT8-query coarse gate, residual4 rerank); M=32 and M=64 configs, centroid_count K=1",/home/kai3/coco/quantization_graph/results/03_system_fair/gist/logs/Ours/Ours.log,,1
03_system_fair,gist,Ours,OursDiskANN_M64,L_search=25,median,0.805,2306.845165,433.02467,0.0,554.228,151988.430029,1452.032345,8559.832031,800,10,L2,1,not-a-git-repo,"Ours-DiskANN (DiskANN3 + ExRaBitQ4 symmetric Vamana, paper-prune, DB=1-bit/INT8-query coarse gate, residual4 rerank); M=32 and M=64 configs, centroid_count K=1",/home/kai3/coco/quantization_graph/results/03_system_fair/gist/logs/Ours/Ours.log,,1
03_system_fair,gist,Ours,OursDiskANN_M64,L_search=26,median,0.811625,2216.785986,450.634806,0.0,567.408,151988.430029,1452.032345,8559.832031,800,10,L2,1,not-a-git-repo,"Ours-DiskANN (DiskANN3 + ExRaBitQ4 symmetric Vamana, paper-prune, DB=1-bit/INT8-query coarse gate, residual4 rerank); M=32 and M=64 configs, centroid_count K=1",/home/kai3/coco/quantization_graph/results/03_system_fair/gist/logs/Ours/Ours.log,,1
03_system_fair,gist,Ours,OursDiskANN_M64,L_search=27,median,0.817875,2204.696077,453.108551,0.0,573.549,151988.430029,1452.032345,8559.832031,800,10,L2,1,not-a-git-repo,"Ours-DiskANN (DiskANN3 + ExRaBitQ4 symmetric Vamana, paper-prune, DB=1-bit/INT8-query coarse gate, residual4 rerank); M=32 and M=64 configs, centroid_count K=1",/home/kai3/coco/quantization_graph/results/03_system_fair/gist/logs/Ours/Ours.log,,1
03_system_fair,gist,Ours,OursDiskANN_M64,L_search=28,median,0.821875,2147.742538,465.128963,0.0,590.104,151988.430029,1452.032345,8559.832031,800,10,L2,1,not-a-git-repo,"Ours-DiskANN (DiskANN3 + ExRaBitQ4 symmetric Vamana, paper-prune, DB=1-bit/INT8-query coarse gate, residual4 rerank); M=32 and M=64 configs, centroid_count K=1",/home/kai3/coco/quantization_graph/results/03_system_fair/gist/logs/Ours/Ours.log,,1
03_system_fair,gist,Ours,OursDiskANN_M64,L_search=29,median,0.826625,2096.256877,476.565351,0.0,611.223,151988.430029,1452.032345,8559.832031,800,10,L2,1,not-a-git-repo,"Ours-DiskANN (DiskANN3 + ExRaBitQ4 symmetric Vamana, paper-prune, DB=1-bit/INT8-query coarse gate, residual4 rerank); M=32 and M=64 configs, centroid_count K=1",/home/kai3/coco/quantization_graph/results/03_system_fair/gist/logs/Ours/Ours.log,,1
03_system_fair,gist,Ours,OursDiskANN_M64,L_search=30,median,0.832,2051.212636,487.041178,0.0,616.479,151988.430029,1452.032345,8559.832031,800,10,L2,1,not-a-git-repo,"Ours-DiskANN (DiskANN3 + ExRaBitQ4 symmetric Vamana, paper-prune, DB=1-bit/INT8-query coarse gate, residual4 rerank); M=32 and M=64 configs, centroid_count K=1",/home/kai3/coco/quantization_graph/results/03_system_fair/gist/logs/Ours/Ours.log,,1
03_system_fair,gist,Ours,OursDiskANN_M64,L_search=40,median,0.873,1656.444914,603.224266,0.0,749.442,151988.430029,1452.032345,8559.832031,800,10,L2,1,not-a-git-repo,"Ours-DiskANN (DiskANN3 + ExRaBitQ4 symmetric Vamana, paper-prune, DB=1-bit/INT8-query coarse gate, residual4 rerank); M=32 and M=64 configs, centroid_count K=1",/home/kai3/coco/quantization_graph/results/03_system_fair/gist/logs/Ours/Ours.log,,1
03_system_fair,gist,Ours,OursDiskANN_M64,L_search=50,median,0.894625,1407.036184,710.206279,0.0,875.731,151988.430029,1452.032345,8559.832031,800,10,L2,1,not-a-git-repo,"Ours-DiskANN (DiskANN3 + ExRaBitQ4 symmetric Vamana, paper-prune, DB=1-bit/INT8-query coarse gate, residual4 rerank); M=32 and M=64 configs, centroid_count K=1",/home/kai3/coco/quantization_graph/results/03_system_fair/gist/logs/Ours/Ours.log,,1
03_system_fair,gist,Ours,OursDiskANN_M64,L_search=60,median,0.914875,1208.920631,826.66593,0.0,1001.765,151988.430029,1452.032345,8559.832031,800,10,L2,1,not-a-git-repo,"Ours-DiskANN (DiskANN3 + ExRaBitQ4 symmetric Vamana, paper-prune, DB=1-bit/INT8-query coarse gate, residual4 rerank); M=32 and M=64 configs, centroid_count K=1",/home/kai3/coco/quantization_graph/results/03_system_fair/gist/logs/Ours/Ours.log,,1
03_system_fair,gist,Ours,OursDiskANN_M64,L_search=70,median,0.927625,1094.669878,913.011733,0.0,1119.005,151988.430029,1452.032345,8559.832031,800,10,L2,1,not-a-git-repo,"Ours-DiskANN (DiskANN3 + ExRaBitQ4 symmetric Vamana, paper-prune, DB=1-bit/INT8-query coarse gate, residual4 rerank); M=32 and M=64 configs, centroid_count K=1",/home/kai3/coco/quantization_graph/results/03_system_fair/gist/logs/Ours/Ours.log,,1
03_system_fair,gist,Ours,OursDiskANN_M64,L_search=80,median,0.937875,979.431252,1020.494028,0.0,1222.75,151988.430029,1452.032345,8559.832031,800,10,L2,1,not-a-git-repo,"Ours-DiskANN (DiskANN3 + ExRaBitQ4 symmetric Vamana, paper-prune, DB=1-bit/INT8-query coarse gate, residual4 rerank); M=32 and M=64 configs, centroid_count K=1",/home/kai3/coco/quantization_graph/results/03_system_fair/gist/logs/Ours/Ours.log,,1
03_system_fair,gist,Ours,OursDiskANN_M64,L_search=90,median,0.945375,906.226607,1102.963645,0.0,1339.236,151988.430029,1452.032345,8559.832031,800,10,L2,1,not-a-git-repo,"Ours-DiskANN (DiskANN3 + ExRaBitQ4 symmetric Vamana, paper-prune, DB=1-bit/INT8-query coarse gate, residual4 rerank); M=32 and M=64 configs, centroid_count K=1",/home/kai3/coco/quantization_graph/results/03_system_fair/gist/logs/Ours/Ours.log,,1
03_system_fair,gist,Ours,OursDiskANN_M64,L_search=100,median,0.951375,826.525098,1209.362991,0.0,1448.187,151988.430029,1452.032345,8559.832031,800,10,L2,1,not-a-git-repo,"Ours-DiskANN (DiskANN3 + ExRaBitQ4 symmetric Vamana, paper-prune, DB=1-bit/INT8-query coarse gate, residual4 rerank); M=32 and M=64 configs, centroid_count K=1",/home/kai3/coco/quantization_graph/results/03_system_fair/gist/logs/Ours/Ours.log,,1
03_system_fair,gist,Ours,OursDiskANN_M64,L_search=140,median,0.969625,664.374333,1504.675612,0.0,1798.369,151988.430029,1452.032345,8559.832031,800,10,L2,1,not-a-git-repo,"Ours-DiskANN (DiskANN3 + ExRaBitQ4 symmetric Vamana, paper-prune, DB=1-bit/INT8-query coarse gate, residual4 rerank); M=32 and M=64 configs, centroid_count K=1",/home/kai3/coco/quantization_graph/results/03_system_fair/gist/logs/Ours/Ours.log,,1
03_system_fair,gist,Ours,OursDiskANN_M64,L_search=180,median,0.975625,555.219342,1800.57692,0.0,2149.116,151988.430029,1452.032345,8559.832031,800,10,L2,1,not-a-git-repo,"Ours-DiskANN (DiskANN3 + ExRaBitQ4 symmetric Vamana, paper-prune, DB=1-bit/INT8-query coarse gate, residual4 rerank); M=32 and M=64 configs, centroid_count K=1",/home/kai3/coco/quantization_graph/results/03_system_fair/gist/logs/Ours/Ours.log,,1
03_system_fair,gist,Ours,OursDiskANN_M64,L_search=220,median,0.980375,474.822895,2105.52238,0.0,2478.678,151988.430029,1452.032345,8559.832031,800,10,L2,1,not-a-git-repo,"Ours-DiskANN (DiskANN3 + ExRaBitQ4 symmetric Vamana, paper-prune, DB=1-bit/INT8-query coarse gate, residual4 rerank); M=32 and M=64 configs, centroid_count K=1",/home/kai3/coco/quantization_graph/results/03_system_fair/gist/logs/Ours/Ours.log,,1
03_system_fair,gist,Ours,OursDiskANN_M64,L_search=260,median,0.982125,415.702445,2405.040257,0.0,2838.352,151988.430029,1452.032345,8559.832031,800,10,L2,1,not-a-git-repo,"Ours-DiskANN (DiskANN3 + ExRaBitQ4 symmetric Vamana, paper-prune, DB=1-bit/INT8-query coarse gate, residual4 rerank); M=32 and M=64 configs, centroid_count K=1",/home/kai3/coco/quantization_graph/results/03_system_fair/gist/logs/Ours/Ours.log,,1
03_system_fair,gist,Ours,OursDiskANN_M64,L_search=300,median,0.9835,375.670716,2661.399042,0.0,3146.635,151988.430029,1452.032345,8559.832031,800,10,L2,1,not-a-git-repo,"Ours-DiskANN (DiskANN3 + ExRaBitQ4 symmetric Vamana, paper-prune, DB=1-bit/INT8-query coarse gate, residual4 rerank); M=32 and M=64 configs, centroid_count K=1",/home/kai3/coco/quantization_graph/results/03_system_fair/gist/logs/Ours/Ours.log,,1
03_system_fair,gist,Ours,OursDiskANN_M64,L_search=340,median,0.984125,341.240607,2929.970381,0.0,3470.12,151988.430029,1452.032345,8559.832031,800,10,L2,1,not-a-git-repo,"Ours-DiskANN (DiskANN3 + ExRaBitQ4 symmetric Vamana, paper-prune, DB=1-bit/INT8-query coarse gate, residual4 rerank); M=32 and M=64 configs, centroid_count K=1",/home/kai3/coco/quantization_graph/results/03_system_fair/gist/logs/Ours/Ours.log,,1
03_system_fair,gist,Ours,OursDiskANN_M64,L_search=380,median,0.984875,311.190527,3212.956191,0.0,3778.681,151988.430029,1452.032345,8559.832031,800,10,L2,1,not-a-git-repo,"Ours-DiskANN (DiskANN3 + ExRaBitQ4 symmetric Vamana, paper-prune, DB=1-bit/INT8-query coarse gate, residual4 rerank); M=32 and M=64 configs, centroid_count K=1",/home/kai3/coco/quantization_graph/results/03_system_fair/gist/logs/Ours/Ours.log,,1
03_system_fair,gist,Ours,OursDiskANN_M64,L_search=420,median,0.985125,288.077533,3470.77439,0.0,4091.528,151988.430029,1452.032345,8559.832031,800,10,L2,1,not-a-git-repo,"Ours-DiskANN (DiskANN3 + ExRaBitQ4 symmetric Vamana, paper-prune, DB=1-bit/INT8-query coarse gate, residual4 rerank); M=32 and M=64 configs, centroid_count K=1",/home/kai3/coco/quantization_graph/results/03_system_fair/gist/logs/Ours/Ours.log,,1
03_system_fair,gist,Ours,OursDiskANN_M64,L_search=460,median,0.985375,268.828278,3719.333567,0.0,4412.121,151988.430029,1452.032345,8559.832031,800,10,L2,1,not-a-git-repo,"Ours-DiskANN (DiskANN3 + ExRaBitQ4 symmetric Vamana, paper-prune, DB=1-bit/INT8-query coarse gate, residual4 rerank); M=32 and M=64 configs, centroid_count K=1",/home/kai3/coco/quantization_graph/results/03_system_fair/gist/logs/Ours/Ours.log,,1
03_system_fair,gist,SymphonyQG,R64_EF400_t3,ef=10,median,0.511,24388.43224285453,41.00304562598467,39.80100154876709,52.357278764247894,246433.4650374949,12451.175785064697,12487.6015625,800,10,L2,64,not-a-git-repo,official SymphonyQG python binding (QG index),/home/kai3/coco/quantization_graph/results/round2/gist/raw/03_system_fair/SymphonyQG/SymphonyQG.log,,1
03_system_fair,gist,SymphonyQG,R64_EF400_t3,ef=11,median,0.541375,24975.877572956575,40.0386331602931,39.47503864765167,51.72975361347198,246433.4650374949,12451.175785064697,12488.05078125,800,10,L2,64,not-a-git-repo,official SymphonyQG python binding (QG index),/home/kai3/coco/quantization_graph/results/round2/gist/raw/03_system_fair/SymphonyQG/SymphonyQG.log,,1
03_system_fair,gist,SymphonyQG,R64_EF400_t3,ef=12,median,0.5665,23985.413719426044,41.69200547039509,41.136518120765686,53.527578711509705,246433.4650374949,12451.175785064697,12488.05078125,800,10,L2,64,not-a-git-repo,official SymphonyQG python binding (QG index),/home/kai3/coco/quantization_graph/results/round2/gist/raw/03_system_fair/SymphonyQG/SymphonyQG.log,,1
03_system_fair,gist,SymphonyQG,R64_EF400_t3,ef=13,median,0.586375,23005.37240330573,43.4681074693799,42.68065094947815,55.69364875555037,246433.4650374949,12451.175785064697,12488.05078125,800,10,L2,64,not-a-git-repo,official SymphonyQG python binding (QG index),/home/kai3/coco/quantization_graph/results/round2/gist/raw/03_system_fair/SymphonyQG/SymphonyQG.log,,1
03_system_fair,gist,SymphonyQG,R64_EF400_t3,ef=14,median,0.605125,22164.77494505726,45.116632245481014,43.995678424835205,58.496184647083275,246433.4650374949,12451.175785064697,12488.05078125,800,10,L2,64,not-a-git-repo,official SymphonyQG python binding (QG index),/home/kai3/coco/quantization_graph/results/round2/gist/raw/03_system_fair/SymphonyQG/SymphonyQG.log,,1
03_system_fair,gist,SymphonyQG,R64_EF400_t3,ef=15,median,0.62125,21366.29357202476,46.80268932133913,45.74097692966461,60.249492526054375,246433.4650374949,12451.175785064697,12488.05078125,800,10,L2,64,not-a-git-repo,official SymphonyQG python binding (QG index),/home/kai3/coco/quantization_graph/results/round2/gist/raw/03_system_fair/SymphonyQG/SymphonyQG.log,,1
03_system_fair,gist,SymphonyQG,R64_EF400_t3,ef=16,median,0.636875,20720.838326635072,48.26059564948082,47.13237285614014,62.42245435714721,246433.4650374949,12451.175785064697,12488.05078125,800,10,L2,64,not-a-git-repo,official SymphonyQG python binding (QG index),/home/kai3/coco/quantization_graph/results/round2/gist/raw/03_system_fair/SymphonyQG/SymphonyQG.log,,1
03_system_fair,gist,SymphonyQG,R64_EF400_t3,ef=17,median,0.6485,19649.572015795173,50.8916936814785,49.9039888381958,65.06778299808502,246433.4650374949,12451.175785064697,12488.05078125,800,10,L2,64,not-a-git-repo,official SymphonyQG python binding (QG index),/home/kai3/coco/quantization_graph/results/round2/gist/raw/03_system_fair/SymphonyQG/SymphonyQG.log,,1
03_system_fair,gist,SymphonyQG,R64_EF400_t3,ef=18,median,0.661875,18864.563769343353,53.009442053735256,51.98828876018524,68.04652512073517,246433.4650374949,12451.175785064697,12488.05078125,800,10,L2,64,not-a-git-repo,official SymphonyQG python binding (QG index),/home/kai3/coco/quantization_graph/results/round2/gist/raw/03_system_fair/SymphonyQG/SymphonyQG.log,,1
03_system_fair,gist,SymphonyQG,R64_EF400_t3,ef=19,median,0.6765,18139.520949131158,55.1282474771142,53.884461522102356,70.63038647174835,246433.4650374949,12451.175785064697,12488.05078125,800,10,L2,64,not-a-git-repo,official SymphonyQG python binding (QG index),/home/kai3/coco/quantization_graph/results/round2/gist/raw/03_system_fair/SymphonyQG/SymphonyQG.log,,1
03_system_fair,gist,SymphonyQG,R64_EF400_t3,ef=20,median,0.689875,17526.601445720986,57.0561271160841,55.9389591217041,72.47384637594222,246433.4650374949,12451.175785064697,12488.05078125,800,10,L2,64,not-a-git-repo,official SymphonyQG python binding (QG index),/home/kai3/coco/quantization_graph/results/round2/gist/raw/03_system_fair/SymphonyQG/SymphonyQG.log,,1
03_system_fair,gist,SymphonyQG,R64_EF400_t3,ef=21,median,0.70025,17057.710052306207,58.62451624125242,57.23908543586731,74.69728589057921,246433.4650374949,12451.175785064697,12488.05078125,800,10,L2,64,not-a-git-repo,official SymphonyQG python binding (QG index),/home/kai3/coco/quantization_graph/results/round2/gist/raw/03_system_fair/SymphonyQG/SymphonyQG.log,,1
03_system_fair,gist,SymphonyQG,R64_EF400_t3,ef=22,median,0.710125,16514.817483922445,60.55168341845274,59.07006561756134,78.52651178836823,246433.4650374949,12451.175785064697,12488.08203125,800,10,L2,64,not-a-git-repo,official SymphonyQG python binding (QG index),/home/kai3/coco/quantization_graph/results/round2/gist/raw/03_system_fair/SymphonyQG/SymphonyQG.log,,1
03_system_fair,gist,SymphonyQG,R64_EF400_t3,ef=23,median,0.72275,16082.6298336815,62.17888556420803,60.828402638435364,80.28931915760037,246433.4650374949,12451.175785064697,12488.08203125,800,10,L2,64,not-a-git-repo,official SymphonyQG python binding (QG index),/home/kai3/coco/quantization_graph/results/round2/gist/raw/03_system_fair/SymphonyQG/SymphonyQG.log,,1
03_system_fair,gist,SymphonyQG,R64_EF400_t3,ef=24,median,0.732375,15592.038365056143,64.13529627025127,62.74320185184479,82.60682225227356,246433.4650374949,12451.175785064697,12488.08203125,800,10,L2,64,not-a-git-repo,official SymphonyQG python binding (QG index),/home/kai3/coco/quantization_graph/results/round2/gist/raw/03_system_fair/SymphonyQG/SymphonyQG.log,,1
03_system_fair,gist,SymphonyQG,R64_EF400_t3,ef=25,median,0.742875,15136.221376905496,66.06668699532747,64.59467113018036,85.03217250108717,246433.4650374949,12451.175785064697,12488.08203125,800,10,L2,64,not-a-git-repo,official SymphonyQG python binding (QG index),/home/kai3/coco/quantization_graph/results/round2/gist/raw/03_system_fair/SymphonyQG/SymphonyQG.log,,1
03_system_fair,gist,SymphonyQG,R64_EF400_t3,ef=26,median,0.7495,14782.535700181597,67.64739286154509,66.29899144172668,86.60238236188889,246433.4650374949,12451.175785064697,12488.08203125,800,10,L2,64,not-a-git-repo,official SymphonyQG python binding (QG index),/home/kai3/coco/quantization_graph/results/round2/gist/raw/03_system_fair/SymphonyQG/SymphonyQG.log,,1
03_system_fair,gist,SymphonyQG,R64_EF400_t3,ef=27,median,0.75775,14443.405417068194,69.23574954271317,67.89155304431915,88.79080414772034,246433.4650374949,12451.175785064697,12488.08203125,800,10,L2,64,not-a-git-repo,official SymphonyQG python binding (QG index),/home/kai3/coco/quantization_graph/results/round2/gist/raw/03_system_fair/SymphonyQG/SymphonyQG.log,,1
03_system_fair,gist,SymphonyQG,R64_EF400_t3,ef=28,median,0.764,14127.519202553196,70.78383583575487,69.65361535549164,89.66811001300809,246433.4650374949,12451.175785064697,12488.08203125,800,10,L2,64,not-a-git-repo,official SymphonyQG python binding (QG index),/home/kai3/coco/quantization_graph/results/round2/gist/raw/03_system_fair/SymphonyQG/SymphonyQG.log,,1
03_system_fair,gist,SymphonyQG,R64_EF400_t3,ef=29,median,0.77025,13698.607094612073,73.00012279301882,71.66154682636261,93.5036689043045,246433.4650374949,12451.175785064697,12488.08203125,800,10,L2,64,not-a-git-repo,official SymphonyQG python binding (QG index),/home/kai3/coco/quantization_graph/results/round2/gist/raw/03_system_fair/SymphonyQG/SymphonyQG.log,,1
03_system_fair,gist,SymphonyQG,R64_EF400_t3,ef=30,median,0.777375,13463.144200682184,74.27685428410769,72.93373346328735,94.9466601014137,246433.4650374949,12451.175785064697,12488.08203125,800,10,L2,64,not-a-git-repo,official SymphonyQG python binding (QG index),/home/kai3/coco/quantization_graph/results/round2/gist/raw/03_system_fair/SymphonyQG/SymphonyQG.log,,1
03_system_fair,gist,SymphonyQG,R64_EF400_t3,ef=40,median,0.82275,10789.630882284004,92.6815764978528,91.69057011604309,115.13940989971161,246433.4650374949,12451.175785064697,12488.08203125,800,10,L2,64,not-a-git-repo,official SymphonyQG python binding (QG index),/home/kai3/coco/quantization_graph/results/round2/gist/raw/03_system_fair/SymphonyQG/SymphonyQG.log,,1
03_system_fair,gist,SymphonyQG,R64_EF400_t3,ef=50,median,0.8585,9171.724990170484,109.03074406087399,108.81014168262482,135.4394480586052,246433.4650374949,12451.175785064697,12488.08203125,800,10,L2,64,not-a-git-repo,official SymphonyQG python binding (QG index),/home/kai3/coco/quantization_graph/results/round2/gist/raw/03_system_fair/SymphonyQG/SymphonyQG.log,,1
03_system_fair,gist,SymphonyQG,R64_EF400_t3,ef=60,median,0.88075,7949.049767612064,125.80120004713535,126.21656060218811,154.02790158987045,246433.4650374949,12451.175785064697,12488.08203125,800,10,L2,64,not-a-git-repo,official SymphonyQG python binding (QG index),/home/kai3/coco/quantization_graph/results/round2/gist/raw/03_system_fair/SymphonyQG/SymphonyQG.log,,1
03_system_fair,gist,SymphonyQG,R64_EF400_t3,ef=70,median,0.90025,6941.603835919083,144.05892696231604,145.10005712509155,175.01059919595718,246433.4650374949,12451.175785064697,12488.08203125,800,10,L2,64,not-a-git-repo,official SymphonyQG python binding (QG index),/home/kai3/coco/quantization_graph/results/round2/gist/raw/03_system_fair/SymphonyQG/SymphonyQG.log,,1
03_system_fair,gist,SymphonyQG,R64_EF400_t3,ef=80,median,0.9135,6289.463456211104,158.99607446044683,160.44825315475464,191.89342856407166,246433.4650374949,12451.175785064697,12488.08203125,800,10,L2,64,not-a-git-repo,official SymphonyQG python binding (QG index),/home/kai3/coco/quantization_graph/results/round2/gist/raw/03_system_fair/SymphonyQG/SymphonyQG.log,,1
03_system_fair,gist,SymphonyQG,R64_EF400_t3,ef=90,median,0.923125,5748.021643025411,173.97290095686913,177.05000936985016,209.60345864295957,246433.4650374949,12451.175785064697,12488.08203125,800,10,L2,64,not-a-git-repo,official SymphonyQG python binding (QG index),/home/kai3/coco/quantization_graph/results/round2/gist/raw/03_system_fair/SymphonyQG/SymphonyQG.log,,1
03_system_fair,gist,SymphonyQG,R64_EF400_t3,ef=100,median,0.929875,5292.594336129249,188.94325476139784,192.36840307712555,227.85477340221405,246433.4650374949,12451.175785064697,12488.08203125,800,10,L2,64,not-a-git-repo,official SymphonyQG python binding (QG index),/home/kai3/coco/quantization_graph/results/round2/gist/raw/03_system_fair/SymphonyQG/SymphonyQG.log,,1
03_system_fair,gist,SymphonyQG,R64_EF400_t3,ef=140,median,0.954125,3999.920667791235,250.00495836138725,257.04316794872284,302.39373445510864,246433.4650374949,12451.175785064697,12488.08203125,800,10,L2,64,not-a-git-repo,official SymphonyQG python binding (QG index),/home/kai3/coco/quantization_graph/results/round2/gist/raw/03_system_fair/SymphonyQG/SymphonyQG.log,,1
03_system_fair,gist,SymphonyQG,R64_EF400_t3,ef=180,median,0.9655,3270.114766903074,305.79966492950916,314.89692628383636,374.08769130706787,246433.4650374949,12451.175785064697,12488.08203125,800,10,L2,64,not-a-git-repo,official SymphonyQG python binding (QG index),/home/kai3/coco/quantization_graph/results/round2/gist/raw/03_system_fair/SymphonyQG/SymphonyQG.log,,1
03_system_fair,gist,SymphonyQG,R64_EF400_t3,ef=220,median,0.97075,2749.068702521478,363.759552128613,376.50950253009796,445.9250718355179,246433.4650374949,12451.175785064697,12488.08203125,800,10,L2,64,not-a-git-repo,official SymphonyQG python binding (QG index),/home/kai3/coco/quantization_graph/results/round2/gist/raw/03_system_fair/SymphonyQG/SymphonyQG.log,,1
03_system_fair,gist,SymphonyQG,R64_EF400_t3,ef=260,median,0.975875,2377.137709803925,420.6739878281951,437.1572285890579,516.1214619874954,246433.4650374949,12451.175785064697,12488.08203125,800,10,L2,64,not-a-git-repo,official SymphonyQG python binding (QG index),/home/kai3/coco/quantization_graph/results/round2/gist/raw/03_system_fair/SymphonyQG/SymphonyQG.log,,1
03_system_fair,gist,SymphonyQG,R64_EF400_t3,ef=300,median,0.98,2097.993861013174,476.64581798017025,493.89898777008057,591.4876237511635,246433.4650374949,12451.175785064697,12488.08203125,800,10,L2,64,not-a-git-repo,official SymphonyQG python binding (QG index),/home/kai3/coco/quantization_graph/results/round2/gist/raw/03_system_fair/SymphonyQG/SymphonyQG.log,,1
03_system_fair,gist,SymphonyQG,R64_EF400_t3,ef=340,median,0.983,1897.4029926006021,527.0361667498946,550.2030253410339,657.2920829057693,246433.4650374949,12451.175785064697,12488.08203125,800,10,L2,64,not-a-git-repo,official SymphonyQG python binding (QG index),/home/kai3/coco/quantization_graph/results/round2/gist/raw/03_system_fair/SymphonyQG/SymphonyQG.log,,1
03_system_fair,gist,SymphonyQG,R64_EF400_t3,ef=380,median,0.984375,1723.6155435300273,580.1757844164968,607.0565432310104,726.2127473950386,246433.4650374949,12451.175785064697,12488.08203125,800,10,L2,64,not-a-git-repo,official SymphonyQG python binding (QG index),/home/kai3/coco/quantization_graph/results/round2/gist/raw/03_system_fair/SymphonyQG/SymphonyQG.log,,1
03_system_fair,gist,SymphonyQG,R64_EF400_t3,ef=420,median,0.9865,1588.5059670656083,629.5223440974951,658.1544876098633,790.1160046458244,246433.4650374949,12451.175785064697,12488.08203125,800,10,L2,64,not-a-git-repo,official SymphonyQG python binding (QG index),/home/kai3/coco/quantization_graph/results/round2/gist/raw/03_system_fair/SymphonyQG/SymphonyQG.log,,1
03_system_fair,gist,SymphonyQG,R64_EF400_t3,ef=460,median,0.987375,1466.0303857471733,682.1141019463539,712.2345268726349,863.3092045783997,246433.4650374949,12451.175785064697,12488.0859375,800,10,L2,64,not-a-git-repo,official SymphonyQG python binding (QG index),/home/kai3/coco/quantization_graph/results/round2/gist/raw/03_system_fair/SymphonyQG/SymphonyQG.log,,1
03_system_fair,gist,SymphonyQG,R64_EF400_t3,ef=500,median,0.98875,1361.556828929971,734.4533689320087,765.5546069145203,930.0282225012778,246433.4650374949,12451.175785064697,12488.0859375,800,10,L2,64,not-a-git-repo,official SymphonyQG python binding (QG index),/home/kai3/coco/quantization_graph/results/round2/gist/raw/03_system_fair/SymphonyQG/SymphonyQG.log,,1
03_system_fair,gist,SymphonyQG,R64_EF400_t3,ef=540,median,0.99,1257.5468967988961,795.1989723369479,827.7576416730881,1006.2392801046371,246433.4650374949,12451.175785064697,12488.08984375,800,10,L2,64,not-a-git-repo,official SymphonyQG python binding (QG index),/home/kai3/coco/quantization_graph/results/round2/gist/raw/03_system_fair/SymphonyQG/SymphonyQG.log,,1
03_system_fair,gist,SymphonyQG,R64_EF400_t3,ef=580,median,0.99075,1183.8201908804556,844.7228791192174,881.751999258995,1075.9241878986359,246433.4650374949,12451.175785064697,12488.08984375,800,10,L2,64,not-a-git-repo,official SymphonyQG python binding (QG index),/home/kai3/coco/quantization_graph/results/round2/gist/raw/03_system_fair/SymphonyQG/SymphonyQG.log,,1
